-- MySQL dump 10.13  Distrib 5.6.24, for Win32 (x86)
--
-- Host: localhost    Database: griefer
-- ------------------------------------------------------
-- Server version	5.6.26-log

/*!40101 SET @OLD_CHARACTER_SET_CLIENT=@@CHARACTER_SET_CLIENT */;
/*!40101 SET @OLD_CHARACTER_SET_RESULTS=@@CHARACTER_SET_RESULTS */;
/*!40101 SET @OLD_COLLATION_CONNECTION=@@COLLATION_CONNECTION */;
/*!40101 SET NAMES utf8 */;
/*!40103 SET @OLD_TIME_ZONE=@@TIME_ZONE */;
/*!40103 SET TIME_ZONE='+00:00' */;
/*!40014 SET @OLD_UNIQUE_CHECKS=@@UNIQUE_CHECKS, UNIQUE_CHECKS=0 */;
/*!40014 SET @OLD_FOREIGN_KEY_CHECKS=@@FOREIGN_KEY_CHECKS, FOREIGN_KEY_CHECKS=0 */;
/*!40101 SET @OLD_SQL_MODE=@@SQL_MODE, SQL_MODE='NO_AUTO_VALUE_ON_ZERO' */;
/*!40111 SET @OLD_SQL_NOTES=@@SQL_NOTES, SQL_NOTES=0 */;

--
-- Table structure for table `accolades`
--

DROP TABLE IF EXISTS `accolades`;
/*!40101 SET @saved_cs_client     = @@character_set_client */;
/*!40101 SET character_set_client = utf8 */;
CREATE TABLE `accolades` (
  `username` varchar(20) DEFAULT NULL,
  `dub_kill` double DEFAULT NULL,
  `trip_kill` double DEFAULT NULL,
  `stick_kill` double DEFAULT NULL,
  `flash_bandicoot` double DEFAULT NULL,
  `flame_kill` double DEFAULT NULL,
  `ink_kill` double DEFAULT NULL,
  `cant_touch_dis` double DEFAULT NULL,
  `mvp` double DEFAULT NULL,
  `highest_kd` double DEFAULT NULL,
  `10kd` double DEFAULT NULL,
  `ninja` double DEFAULT NULL,
  `survivor` double DEFAULT NULL,
  `3ass` double DEFAULT NULL,
  `5ass` double DEFAULT NULL,
  `3gibs` double DEFAULT NULL,
  `6gibs` double DEFAULT NULL,
  `9gibs` double DEFAULT NULL,
  `12gibs` double DEFAULT NULL,
  `3heads` double DEFAULT NULL,
  `6heads` double DEFAULT NULL,
  `9heads` double DEFAULT NULL,
  `12heads` double DEFAULT NULL,
  `3ks` double DEFAULT NULL,
  `5ks` double DEFAULT NULL,
  `10ks` double DEFAULT NULL,
  `15ks` double DEFAULT NULL,
  `20ks` double DEFAULT NULL,
  `25ks` double DEFAULT NULL,
  `spr_flame` double DEFAULT NULL,
  `spr_ink` double DEFAULT NULL,
  `spr_snare` double DEFAULT NULL,
  `spr_smoke` double DEFAULT NULL,
  `spr_flashbang` double DEFAULT NULL,
  `spr_pistol` double DEFAULT NULL,
  `spr_carbine` double DEFAULT NULL,
  `spr_rifle` double DEFAULT NULL,
  `spr_tickler` double DEFAULT NULL,
  `spr_smg` double DEFAULT NULL,
  `spr_sticky` double DEFAULT NULL,
  `spr_lmg` double DEFAULT NULL,
  `spr_longshot` double DEFAULT NULL,
  `spr_vulcan` double DEFAULT NULL,
  `spr_torque` double DEFAULT NULL,
  `spr_thumper` double DEFAULT NULL,
  `spr_boltok` double DEFAULT NULL,
  `spr_shotgun` double DEFAULT NULL,
  `spr_stomper` double DEFAULT NULL,
  `spr_boom` double DEFAULT NULL,
  `spr_frag` double DEFAULT NULL,
  `spr_rocket` double DEFAULT NULL,
  `spr_double` double DEFAULT NULL,
  `spr_wep1` double DEFAULT NULL,
  `spr_wep2` double DEFAULT NULL,
  `spr_wep3` double DEFAULT NULL,
  `spr_wep4` double DEFAULT NULL
) ENGINE=InnoDB DEFAULT CHARSET=utf8;
/*!40101 SET character_set_client = @saved_cs_client */;

--
-- Dumping data for table `accolades`
--

LOCK TABLES `accolades` WRITE;
/*!40000 ALTER TABLE `accolades` DISABLE KEYS */;
INSERT INTO `accolades` VALUES ('Kyle',19,0,43,3,28,22,31,39,42,0,5,81,4,0,13,0,0,0,32,4,0,0,110,51,0,0,0,0,28,22,7,1,78,118,2,28,7,40,30,66,56,12,13,2,29,221,35,14,39,34,3,0,0,0,0),('Ricky',10,0,3,2,8,2,18,23,21,1,19,46,4,0,1,0,0,0,9,0,0,0,50,14,1,0,0,0,8,2,0,0,98,41,6,115,3,38,4,25,18,3,0,5,19,180,22,7,9,14,1,0,0,0,0),('Bubbles',0,0,2,0,0,2,6,4,1,0,15,9,0,0,4,1,0,0,1,0,0,0,10,2,1,0,0,0,0,2,0,0,28,8,1,8,3,5,2,0,0,0,0,7,1,63,4,8,2,4,1,0,0,0,0),('Julian',2,0,7,0,2,4,3,5,5,0,0,9,0,0,3,0,0,0,2,1,0,0,15,5,0,0,0,0,2,4,0,0,13,1,2,16,0,3,8,6,13,0,0,3,11,46,0,2,3,3,0,0,0,0,0),('Marcel',0,0,1,0,0,2,0,0,0,0,0,5,0,0,0,0,0,0,0,0,0,0,1,0,0,0,0,0,0,2,6,0,8,3,0,1,1,3,1,1,2,0,0,0,0,4,0,2,0,0,0,0,0,0,0),('Titdickass',0,0,0,0,1,0,0,0,0,0,0,0,1,0,0,0,0,0,0,0,0,0,0,0,0,0,0,0,1,0,6,0,0,0,2,0,0,0,0,0,0,0,0,0,1,0,0,0,0,0,0,0,0,0,0),('Blah',0,0,0,1,0,2,3,2,1,0,1,3,0,0,0,0,0,0,2,0,0,0,8,3,0,0,0,0,0,2,0,0,18,0,0,9,0,2,0,1,1,0,0,0,6,41,1,0,0,0,0,0,0,0,0),('Titties',4,0,2,0,2,2,2,3,3,0,1,19,0,0,0,0,0,0,4,0,0,0,14,2,0,0,0,0,2,2,0,0,47,5,1,28,0,4,2,4,2,2,0,0,7,102,1,5,1,1,2,0,0,0,0),('Scatonmysonstits',0,0,0,0,0,0,0,1,1,0,0,0,0,0,0,0,0,0,0,0,0,0,0,0,0,0,0,0,0,0,0,0,0,0,0,1,0,0,0,0,0,0,0,0,0,2,0,0,0,0,0,0,0,0,0),('Dickinmynephewsass',0,0,2,0,2,1,0,0,0,0,0,2,3,1,0,0,0,0,0,0,0,0,1,0,0,0,0,0,2,1,19,0,5,0,0,4,0,0,2,2,0,0,0,0,4,3,0,2,0,0,2,0,0,0,0),('Total N00bcall',0,0,1,2,0,1,0,4,4,0,1,5,0,0,0,0,0,0,1,0,0,0,1,1,0,0,0,0,0,1,0,0,31,2,0,6,0,0,1,0,0,0,0,0,3,42,5,0,1,2,1,0,0,0,0),('Dickingthedog',8,0,12,0,8,6,2,2,2,0,0,17,4,0,3,0,0,0,1,0,0,0,18,3,1,0,0,0,8,6,1,3,17,9,4,2,2,6,13,9,1,5,2,5,0,20,6,1,3,5,2,0,0,0,0),('Arsehunter69',0,0,0,0,2,0,0,1,0,0,0,2,0,0,0,0,0,0,0,0,0,0,1,1,0,0,0,0,2,0,0,0,1,0,0,2,0,0,0,5,0,0,0,0,0,2,1,0,2,0,0,0,0,0,0),('@$$',9,0,38,13,26,36,5,13,8,0,2,69,4,1,7,1,0,0,7,0,0,0,54,13,1,0,0,0,26,36,16,0,148,66,6,34,13,23,28,40,22,2,13,19,2,112,15,23,28,25,2,0,0,0,0),('Duke Silver',11,0,32,0,21,10,9,15,19,0,1,53,1,0,9,0,0,0,5,1,1,0,39,16,2,0,0,0,21,10,0,0,34,18,6,14,7,14,13,34,24,2,21,7,14,107,11,3,26,28,0,0,0,0,0),('Bitchtits',0,0,0,0,4,0,0,0,0,0,0,5,0,0,0,0,0,0,0,0,0,0,0,0,0,0,0,0,4,0,0,0,7,0,2,0,0,3,0,1,0,0,0,0,0,10,0,0,0,1,0,0,0,0,0),('Sex Redneck Burglar',0,0,3,0,2,0,2,6,4,0,1,10,0,0,3,0,0,0,2,0,0,0,11,3,0,0,0,0,2,0,0,0,4,0,4,4,0,1,3,4,6,0,1,6,0,22,9,2,2,14,0,0,0,0,0),('@ss',0,0,0,1,0,0,1,1,2,0,0,1,0,0,0,0,0,0,1,0,0,0,2,0,0,0,0,0,0,0,0,0,8,13,0,0,0,0,0,0,2,0,0,0,0,1,0,0,0,0,0,0,0,0,0),('Sex Tapir',0,0,2,2,2,0,2,2,2,0,0,17,2,0,1,0,0,0,0,0,0,0,5,1,0,0,0,0,2,0,6,0,25,0,3,0,4,3,0,12,5,0,2,3,0,43,3,3,2,5,0,0,0,0,0),('unowned drink',0,0,0,0,0,0,0,0,0,0,0,0,0,0,0,0,0,0,0,0,0,0,0,0,0,0,0,0,0,0,0,0,0,0,0,0,0,0,0,0,0,0,0,0,0,0,0,0,0,0,0,0,0,0,0),('kacha bird',0,0,0,0,0,0,0,0,0,0,0,0,0,0,0,0,0,0,0,0,0,0,0,0,0,0,0,0,0,0,0,0,0,0,0,0,0,0,0,0,0,0,0,0,0,0,0,0,0,0,0,0,0,0,0);
/*!40000 ALTER TABLE `accolades` ENABLE KEYS */;
UNLOCK TABLES;

--
-- Table structure for table `bot_accolades`
--

DROP TABLE IF EXISTS `bot_accolades`;
/*!40101 SET @saved_cs_client     = @@character_set_client */;
/*!40101 SET character_set_client = utf8 */;
CREATE TABLE `bot_accolades` (
  `username` varchar(20) DEFAULT NULL,
  `dub_kill` double DEFAULT NULL,
  `trip_kill` double DEFAULT NULL,
  `stick_kill` double DEFAULT NULL,
  `flash_bandicoot` double DEFAULT NULL,
  `flame_kill` double DEFAULT NULL,
  `ink_kill` double DEFAULT NULL,
  `cant_touch_dis` double DEFAULT NULL,
  `mvp` double DEFAULT NULL,
  `highest_kd` double DEFAULT NULL,
  `10kd` double DEFAULT NULL,
  `ninja` double DEFAULT NULL,
  `survivor` double DEFAULT NULL,
  `3ass` double DEFAULT NULL,
  `5ass` double DEFAULT NULL,
  `3gibs` double DEFAULT NULL,
  `6gibs` double DEFAULT NULL,
  `9gibs` double DEFAULT NULL,
  `12gibs` double DEFAULT NULL,
  `3heads` double DEFAULT NULL,
  `6heads` double DEFAULT NULL,
  `9heads` double DEFAULT NULL,
  `12heads` double DEFAULT NULL,
  `3ks` double DEFAULT NULL,
  `5ks` double DEFAULT NULL,
  `10ks` double DEFAULT NULL,
  `15ks` double DEFAULT NULL,
  `20ks` double DEFAULT NULL,
  `25ks` double DEFAULT NULL,
  `spr_flame` double DEFAULT NULL,
  `spr_ink` double DEFAULT NULL,
  `spr_snare` double DEFAULT NULL,
  `spr_smoke` double DEFAULT NULL,
  `spr_flashbang` double DEFAULT NULL,
  `spr_pistol` double DEFAULT NULL,
  `spr_carbine` double DEFAULT NULL,
  `spr_rifle` double DEFAULT NULL,
  `spr_tickler` double DEFAULT NULL,
  `spr_smg` double DEFAULT NULL,
  `spr_sticky` double DEFAULT NULL,
  `spr_lmg` double DEFAULT NULL,
  `spr_longshot` double DEFAULT NULL,
  `spr_vulcan` double DEFAULT NULL,
  `spr_torque` double DEFAULT NULL,
  `spr_thumper` double DEFAULT NULL,
  `spr_boltok` double DEFAULT NULL,
  `spr_shotgun` double DEFAULT NULL,
  `spr_stomper` double DEFAULT NULL,
  `spr_boom` double DEFAULT NULL,
  `spr_frag` double DEFAULT NULL,
  `spr_rocket` double DEFAULT NULL,
  `spr_double` double DEFAULT NULL,
  `spr_wep1` double DEFAULT NULL,
  `spr_wep2` double DEFAULT NULL,
  `spr_wep3` double DEFAULT NULL,
  `spr_wep4` double DEFAULT NULL
) ENGINE=InnoDB DEFAULT CHARSET=utf8;
/*!40101 SET character_set_client = @saved_cs_client */;

--
-- Dumping data for table `bot_accolades`
--

LOCK TABLES `bot_accolades` WRITE;
/*!40000 ALTER TABLE `bot_accolades` DISABLE KEYS */;
INSERT INTO `bot_accolades` VALUES ('Kyle',15,0,40,0,54,17,8,54,58,0,10,87,2,0,24,2,0,0,22,2,0,0,101,40,6,0,0,0,54,17,9,3,84,17,9,29,1,31,37,31,102,1,6,15,29,256,20,42,55,52,25,0,0,0,0),('Ricky',1,0,0,0,0,0,1,2,2,0,0,3,0,0,1,0,0,0,1,0,0,0,5,2,1,0,0,0,0,0,0,0,7,3,0,0,0,2,0,0,3,0,0,0,2,20,0,0,0,3,0,0,0,0,0),('Bubbles',0,0,0,0,0,0,0,0,0,0,0,0,0,0,0,0,0,0,0,0,0,0,0,0,0,0,0,0,0,0,0,0,0,0,0,0,0,0,0,0,0,0,0,0,0,0,0,0,0,0,0,0,0,0,0),('Julian',0,0,0,0,0,0,0,0,0,0,0,0,0,0,0,0,0,0,0,0,0,0,0,0,0,0,0,0,0,0,0,0,0,0,0,0,0,0,0,0,0,0,0,0,0,0,0,0,0,0,0,0,0,0,0),('Marcel',0,0,0,0,0,0,0,0,0,0,0,0,0,0,0,0,0,0,0,0,0,0,0,0,0,0,0,0,0,0,0,0,0,0,0,0,0,0,0,0,0,0,0,0,0,0,0,0,0,0,0,0,0,0,0),('Titdickass',0,0,0,0,0,0,0,0,0,0,0,0,0,0,0,0,0,0,0,0,0,0,0,0,0,0,0,0,0,0,0,0,0,0,0,0,0,0,0,0,0,0,0,0,0,0,0,0,0,0,0,0,0,0,0),('Blah',0,0,0,0,0,0,0,0,0,0,0,0,0,0,0,0,0,0,0,0,0,0,0,0,0,0,0,0,0,0,0,0,0,0,0,0,0,0,0,0,0,0,0,0,0,0,0,0,0,0,0,0,0,0,0),('Titties',0,0,1,0,1,0,1,0,0,0,0,0,0,0,1,0,0,0,1,0,0,0,1,1,1,0,0,0,1,0,0,0,3,0,0,3,0,0,0,0,0,0,1,2,0,8,0,0,0,0,0,0,0,0,0),('Scatonmysonstits',0,0,0,0,0,0,0,0,0,0,0,0,0,0,0,0,0,0,0,0,0,0,0,0,0,0,0,0,0,0,0,0,0,0,0,0,0,0,0,0,0,0,0,0,0,0,0,0,0,0,0,0,0,0,0),('Dickinmynephewsass',0,0,0,0,0,0,0,0,0,0,0,0,0,0,0,0,0,0,0,0,0,0,0,0,0,0,0,0,0,0,0,0,0,0,0,0,0,0,0,0,0,0,0,0,0,0,0,0,0,0,0,0,0,0,0),('Total N00bcall',0,0,0,0,0,0,0,0,0,0,0,0,0,0,0,0,0,0,0,0,0,0,0,0,0,0,0,0,0,0,0,0,0,0,0,0,0,0,0,0,0,0,0,0,0,0,0,0,0,0,0,0,0,0,0),('Dickingthedog',0,0,0,0,0,0,0,0,0,0,0,0,0,0,0,0,0,0,0,0,0,0,0,0,0,0,0,0,0,0,0,0,0,0,0,0,0,0,0,0,0,0,0,0,0,0,0,0,0,0,0,0,0,0,0),('Arsehunter69',0,0,0,0,0,0,0,0,0,0,0,0,0,0,0,0,0,0,0,0,0,0,0,0,0,0,0,0,0,0,0,0,0,0,0,0,0,0,0,0,0,0,0,0,0,0,0,0,0,0,0,0,0,0,0),('@$$',0,0,0,0,4,0,0,2,2,0,0,3,0,0,0,0,0,0,0,0,0,0,3,1,0,0,0,0,4,0,4,4,7,2,0,2,0,2,0,2,0,0,0,0,0,9,3,0,2,3,0,0,0,0,0),('Duke Silver',0,0,0,0,0,0,0,0,0,0,0,0,0,0,0,0,0,0,0,0,0,0,0,0,0,0,0,0,0,0,0,0,0,0,0,0,0,0,0,0,0,0,0,0,0,0,0,0,0,0,0,0,0,0,0),('Bitchtits',0,0,2,1,2,1,0,6,8,0,0,15,0,0,0,0,0,0,2,0,0,0,15,1,0,0,0,0,2,1,0,0,23,2,11,5,1,1,1,0,0,1,1,1,0,65,0,0,2,1,0,0,0,0,0),('Sex Redneck Burglar',0,0,0,0,0,0,0,0,0,0,0,0,0,0,0,0,0,0,0,0,0,0,0,0,0,0,0,0,0,0,0,0,0,0,0,0,0,0,0,0,0,0,0,0,0,0,0,0,0,0,0,0,0,0,0),('@ss',0,0,0,0,0,0,0,0,0,0,0,0,0,0,0,0,0,0,0,0,0,0,0,0,0,0,0,0,0,0,0,0,0,0,0,0,0,0,0,0,0,0,0,0,0,0,0,0,0,0,0,0,0,0,0),('Sex Tapir',0,0,0,0,0,0,0,0,0,0,0,0,0,0,0,0,0,0,0,0,0,0,0,0,0,0,0,0,0,0,0,0,0,0,0,0,0,0,0,0,0,0,0,0,0,0,0,0,0,0,0,0,0,0,0),('unowned drink',0,0,0,0,0,0,0,0,0,0,0,0,0,0,0,0,0,0,0,0,0,0,0,0,0,0,0,0,0,0,0,0,0,0,0,0,0,0,0,0,0,0,0,0,0,0,0,0,0,0,0,0,0,0,0),('kacha bird',0,0,0,0,0,0,0,0,0,0,0,0,0,0,0,0,0,0,0,0,0,0,0,0,0,0,0,0,0,0,0,0,0,0,0,0,0,0,0,0,0,0,0,0,0,0,0,0,0,0,0,0,0,0,0);
/*!40000 ALTER TABLE `bot_accolades` ENABLE KEYS */;
UNLOCK TABLES;

--
-- Table structure for table `bot_stats`
--

DROP TABLE IF EXISTS `bot_stats`;
/*!40101 SET @saved_cs_client     = @@character_set_client */;
/*!40101 SET character_set_client = utf8 */;
CREATE TABLE `bot_stats` (
  `username` varchar(20) DEFAULT NULL,
  `bot_rank` double DEFAULT NULL,
  `ppl` double DEFAULT NULL,
  `kdr` double DEFAULT NULL,
  `wl` double DEFAULT NULL,
  `points` double DEFAULT NULL,
  `kills` double DEFAULT NULL,
  `deaths` double DEFAULT NULL,
  `assists` double DEFAULT NULL,
  `wins` double DEFAULT NULL,
  `losses` double DEFAULT NULL,
  `kill_streak` double DEFAULT NULL,
  `win_streak` double DEFAULT NULL,
  `rollover_kstreak` double DEFAULT NULL,
  `rollover_wstreak` double DEFAULT NULL,
  `kdr_history` text,
  `ppl_history` text,
  `win_history` text
) ENGINE=InnoDB DEFAULT CHARSET=utf8;
/*!40101 SET character_set_client = @saved_cs_client */;

--
-- Dumping data for table `bot_stats`
--

LOCK TABLES `bot_stats` WRITE;
/*!40000 ALTER TABLE `bot_stats` DISABLE KEYS */;
INSERT INTO `bot_stats` VALUES ('Kyle',0,174,1.53,2.72,92860,813,533,73,68,25,8,10,0,10,'1.67,5,1.11,1.43,2.50,2,3.33,2,0,1.36,0,0,2,0.50,1.88,2,5,1.88,2.50,1,2,0.61,1.50,3,3,1.67,3,0.73,3,2.14,3,1.36,3,1,2,3,2,2,0.50,2,2.14,2,1,1,3.75,5,2,3,3,0,0.67,0,2,1,2,1,0,3,2.14,1,3,0.14,0,2,3.33,0,0.18,0,1,0.50,0.55,2.50,0,2,3,0,1,1,2,0,1.25,1.36,1.67,1.88,1.88,1.17,0.80,0,3,0.50,1,2,5,','208,562,137,156,276,222,373,224,0,152,0,0,220,55,229,225,580,208,293,110,250,84,164,348,367,207,351,87,363,243,427,165,300,125,270,325,200,210,62,220,249,220,100,125,460,577,225,350,300,0,70,0,235,175,200,225,0,310,267,100,300,29,0,210,378,0,29,50,160,64,64,325,25,217,310,0,125,110,250,0,157,174,184,218,214,127,89,100,300,55,100,220,553,','42,41,40,39,38,37,36,35,34,33,34,35,34,35,34,35,34,33,32,33,32,33,32,31,30,29,28,29,28,27,26,25,24,23,22,21,20,19,20,19,18,17,18,17,16,15,14,13,12,13,14,15,16,15,14,13,12,11,10,9,8,9,10,9,8,9,10,11,10,11,12,11,12,11,10,11,10,9,8,7,6,5,4,3,2,3,4,3,2,3,2,1,0,'),('Ricky',0,236,2.2,2,3545,33,15,3,2,0,1,2,0,2,'2.14,15,','244,1685,','1,0,'),('Bubbles',0,0,0,0,0,0,0,0,0,0,0,0,0,0,'0','0','0'),('Julian',0,0,0,0,0,0,0,0,0,0,0,0,0,0,'0','0','0'),('Marcel',0,0,0,0,0,0,0,0,0,0,0,0,0,0,'0','0','0'),('Titdickass',0,0,0,0,0,0,0,0,0,0,0,0,0,0,'0','0','0'),('Blah',0,0,0,0,0,0,0,0,0,0,0,0,0,0,'0','0','0'),('Titties',0,374,2.6,0,1870,13,5,0,0,0,11,0,0,0,'0','0','0'),('Scatonmysonstits',0,0,0,0,0,0,0,0,0,0,0,0,0,0,'0','0','0'),('Dickinmynephewsass',0,0,0,0,0,0,0,0,0,0,0,0,0,0,'0','0','0'),('Total N00bcall',0,0,0,0,0,0,0,0,0,0,0,0,0,0,'0','0','0'),('Dickingthedog',0,0,0,0,0,0,0,0,0,0,0,0,0,0,'0','0','0'),('Arsehunter69',0,0,0,0,0,0,0,0,0,0,0,0,0,0,'0','0','0'),('@$$',0,111,1,1,3220,29,29,9,2,2,1,2,0,0,'1,0.45,2.50,2,','136,53,297,200,','1,2,1,0,'),('Duke Silver',0,0,0,0,0,0,0,0,0,0,0,0,0,0,'0','0','0'),('Bitchtits',0,150,1.32,4,10685,94,71,0,8,2,1,4,0,3,'1,1,2.50,0.80,3.33,0.43,2,2,3.33,1.67,','110,109,274,90,385,50,232,226,370,205,','5,4,3,4,3,4,3,2,1,0,'),('Sex Redneck Burglar',0,0,0,0,0,0,0,0,0,0,0,0,0,0,'0','0','0'),('@ss',0,0,0,0,0,0,0,0,0,0,0,0,0,0,'0','0','0'),('Sex Tapir',0,0,0,0,0,0,0,0,0,0,0,0,0,0,'0','0','0'),('unowned drink',0,0,0,0,0,0,0,0,0,0,0,0,0,0,'0','0','0'),('kacha bird',0,0,0,0,0,0,0,0,0,0,0,0,0,0,'0','0','0');
/*!40000 ALTER TABLE `bot_stats` ENABLE KEYS */;
UNLOCK TABLES;

--
-- Table structure for table `challenges`
--

DROP TABLE IF EXISTS `challenges`;
/*!40101 SET @saved_cs_client     = @@character_set_client */;
/*!40101 SET character_set_client = utf8 */;
CREATE TABLE `challenges` (
  `username` varchar(20) DEFAULT NULL,
  `challenge_name` text
) ENGINE=InnoDB DEFAULT CHARSET=utf8;
/*!40101 SET character_set_client = @saved_cs_client */;

--
-- Dumping data for table `challenges`
--

LOCK TABLES `challenges` WRITE;
/*!40000 ALTER TABLE `challenges` DISABLE KEYS */;
INSERT INTO `challenges` VALUES ('Kyle','Underwear'),('Ricky','Literal Garbage '),('Ricky','Figurative Garbage '),('Ricky','Victim '),('Julian','Literal Garbage '),('Julian','Figurative Garbage '),('Julian','Victim '),('Julian','N00b '),('Bubbles','Literal Garbage '),('Julian','Plebe '),('Marcel','Underwear'),('Marcel','Literal Garbage '),('Marcel','Figurative Garbage '),('Julian','Executioner'),('Julian','Punk '),('Bubbles','Figurative Garbage '),('Marcel','Victim '),('Marcel','N00b '),('Bubbles','Victim '),('Julian','Contender '),('Bubbles','Executioner'),('Bubbles','N00b '),('Marcel','Plebe '),('Bubbles','Plebe '),('Bubbles','Ninja'),('Bubbles','Punk '),('Kyle','Literal Garbage '),('Kyle','Figurative Garbage '),('Kyle','Ninja'),('Kyle','Victim '),('Kyle','N00b '),('Ricky','N00b '),('Kyle','Plebe '),('Ricky','Roman Helmet'),('Ricky','Samurai'),('Ricky','Plebe '),('Ricky','Executioner'),('Kyle','Punk '),('Kyle','Executioner'),('Titdickass','Underwear'),('Ricky','Punk '),('Kyle','Contender '),('Julian','Hellion '),('Julian','Spitfire'),('Titdickass','Literal Garbage '),('Ricky','Contender '),('Kyle','Mincer'),('Kyle','Hellion '),('Kyle','Mantel Helmet'),('Blah','Literal Garbage '),('Scatonmysonstits','Literal Garbage '),('Blah','Figurative Garbage '),('Dickinmynephewsass','Underwear'),('Dickinmynephewsass','Literal Garbage '),('Titties','Literal Garbage '),('Kyle','Hot-Head '),('Kyle','Iron'),('Dickinmynephewsass','Figurative Garbage '),('Titties','Figurative Garbage '),('Blah','Executioner'),('Blah','Victim '),('Dickinmynephewsass','Victim '),('Kyle','Spitfire'),('Blah','N00b '),('Kyle','Flashbang'),('Kyle','Show-Boat '),('Dickinmynephewsass','N00b '),('Dickinmynephewsass','Halo'),('Dickinmynephewsass','Plebe '),('Titties','Victim '),('Blah','Plebe '),('Dickinmynephewsass','Punk '),('Titties','Executioner'),('Titties','N00b '),('Dickinmynephewsass','Santa Hat'),('Kyle','Samurai'),('Kyle','Roman Helmet'),('Titties','Plebe '),('Kyle','Hound Helmet'),('Kyle','Brawler '),('Blah','Punk '),('Kyle','Gravemaker'),('Kyle','Swol'),('Kyle','Warrior '),('Total N00bcall','Literal Garbage '),('Total N00bcall','Figurative Garbage '),('Total N00bcall','Victim '),('Kyle','Santa Hat'),('Kyle','Gladiator '),('Kyle','Derringer'),('Kyle','Juggernaut '),('Kyle','Conquistador '),('Total N00bcall','Underwear'),('Arsehunter69','Literal Garbage '),('Arsehunter69','Figurative Garbage '),('Total N00bcall','N00b '),('Arsehunter69','Victim '),('@$$','Literal Garbage '),('@$$','Figurative Garbage '),('Duke Silver','Underwear'),('@$$','Victim '),('@$$','N00b '),('Duke Silver','Literal Garbage '),('Duke Silver','Figurative Garbage '),('Duke Silver','Victim '),('@$$','Underwear'),('Duke Silver','N00b '),('@$$','Plebe '),('Duke Silver','Derringer'),('Duke Silver','Plebe '),('Duke Silver','Punk '),('Duke Silver','Executioner'),('Duke Silver','Contender '),('@$$','Punk '),('@$$','Executioner'),('@$$','Contender '),('Ricky','Flashbang'),('Ricky','Spitfire'),('Ricky','Hellion '),('Duke Silver','Hellion '),('Ricky','Underwear'),('Ricky','Mincer'),('Ricky','Hot-Head '),('Duke Silver','Iron'),('@$$','Hellion '),('Duke Silver','Hot-Head '),('Ricky','Derringer'),('@$$','Flashbang'),('@$$','Hot-Head '),('Duke Silver','Deadshot Helmet'),('Duke Silver','Show-Boat '),('Ricky','Ninja'),('Duke Silver','Brawler '),('@$$','Spitfire'),('Duke Silver','Heavy Barrel'),('Duke Silver','Warrior '),('@$$','Show-Boat '),('Duke Silver','Mantel Helmet'),('Duke Silver','Swol'),('Duke Silver','Gladiator '),('Duke Silver','Roman Helmet'),('Ricky','Show-Boat '),('Duke Silver','Lobotomizer'),('Duke Silver','Gravemaker'),('Duke Silver','Juggernaut '),('Duke Silver','Frag'),('Duke Silver','Conquistador '),('@$$','Brawler '),('Duke Silver','Pimp Hat'),('@$$','Swol'),('Duke Silver','The Son-Of-A'),('Duke Silver','Champion '),('Duke Silver','Mincer'),('@$$','Frag'),('@$$','Warrior '),('@$$','The Son-Of-A'),('Duke Silver','Grand Champion '),('Ricky','Brawler '),('Bubbles','Mincer'),('Bubbles','Contender '),('@$$','Derringer'),('@$$','Gladiator '),('Bubbles','Flashbang'),('Bubbles','Hellion '),('Ricky','Swol'),('Bubbles','Underwear'),('Ricky','Mantel Helmet'),('Ricky','Gravemaker'),('Ricky','Warrior '),('Bubbles','Derringer'),('Ricky','Pimp Hat'),('Bubbles','Hot-Head '),('Ricky','Gladiator '),('Ricky','Sidearm'),('Ricky','Mantle Helmet'),('Duke Silver','Sidearm'),('Duke Silver','Mantle Helmet'),('@$$','Sidearm'),('Ricky','Fanatic Helmet'),('Ricky','Cicada'),('Ricky','Juggernaut '),('Duke Silver','Tadpole Helmet'),('Duke Silver','Twerk Bow'),('Duke Silver','Legend '),('@$$','Poison'),('@$$','Juggernaut '),('Duke Silver','Flashbang'),('Ricky','Heavy Barrel'),('Ricky','Conquistador '),('Kyle','Sidearm'),('Kyle','Mantle Helmet'),('Kyle','Champion '),('Bubbles','Sidearm'),('Bitchtits','Literal Garbage '),('Sex Redneck Burglar','Literal Garbage '),('Sex Redneck Burglar','Figurative Garbage '),('Bitchtits','Underwear'),('Sex Redneck Burglar','Victim '),('Bitchtits','Figurative Garbage '),('Sex Redneck Burglar','N00b '),('Sex Redneck Burglar','Plebe '),('@$$','Conquistador '),('Kyle','Pimp Hat'),('Kyle','Grand Champion '),('Sex Redneck Burglar','Punk '),('@ss','Literal Garbage '),('@ss','Sidearm'),('@ss','Figurative Garbage '),('@ss','Victim '),('Sex Redneck Burglar','Underwear'),('Sex Redneck Burglar','Executioner'),('@ss','N00b '),('@ss','Plebe '),('Bitchtits','Victim '),('Bitchtits','Executioner'),('Sex Redneck Burglar','Contender '),('Kyle','Legend '),('Bitchtits','N00b '),('@$$','Ninja'),('@$$','Champion '),('Sex Redneck Burglar','Hellion '),('@$$','Santa Hat'),('@$$','Halo'),('Kyle','Fanatic Helmet'),('Sex Tapir','Literal Garbage '),('Sex Tapir','Figurative Garbage '),('Bitchtits','Plebe '),('Sex Tapir','Victim '),('@$$','Mincer'),('@$$','Grand Champion '),('Sex Tapir','N00b '),('Sex Tapir','Plebe '),('Kyle','Myth '),('@$$','Bandicoot Helmet'),('Sex Tapir','Punk '),('Sex Tapir','Underwear'),('Kyle','Hell Hound'),('@$$','Legend '),('Bitchtits','Punk '),('@$$','Heavy Barrel'),('Sex Tapir','Contender '),('Kyle','Lobotomizer'),('Bitchtits','Mincer'),('Bitchtits','Flashbang'),('Kyle','Nightmare '),('Kyle','The Son-Of-A'),('Bitchtits','Contender '),('Sex Tapir','Executioner'),('Sex Tapir','Hellion '),('@$$','Lobotomizer'),('@$$','Myth '),('@$$','Cicada'),('Sex Tapir','Flashbang'),('Sex Tapir','Hot-Head '),('Kyle','Heavy Barrel'),('@$$','Gravemaker'),('@$$','Pimp Hat'),('Ricky','Stomper'),('Kyle','Stomper'),('@$$','Flash Bandicoot'),('Titties','Underwear'),('@$$','Mortar'),('@$$','Nightmare '),('@$$','Iron'),('Ricky','Champion '),('Titties','Mincer'),('Titties','Punk '),('Titties','Contender '),('@$$','Sticky'),('@$$','Tadpole Helmet'),('@$$','Mantle Helmet'),('Titties','Flashbang'),('@$$','Incendiary'),('Ricky','Hound Helmet'),('Kyle','Frag'),('Kyle','Hand Cannon'),('Ricky','Santa Hat'),('Kyle','Cicada'),('Titties','Hellion '),('Titties','Spitfire'),('Ricky','Grand Champion '),('Dickingthedog','Literal Garbage '),('Dickingthedog','Figurative Garbage '),('Dickingthedog','Victim '),('Dickingthedog','N00b '),('Duke Silver','Hound Helmet'),('Kyle','Tadpole Helmet'),('Dickingthedog','Plebe '),('Dickingthedog','Punk '),('Kyle','Incendiary'),('Dickingthedog','Sidearm'),('Duke Silver','Spitfire'),('Duke Silver','Myth '),('Dickingthedog','Executioner'),('Dickingthedog','Contender '),('dickingthedog','Underwear'),('dickingthedog','Hellion '),('Total N00bcall','Plebe '),('Titties','Hot-Head '),('dickingthedog','Santa Hat'),('dickingthedog','Hot-Head '),('Titties','Sidearm'),('Total N00bcall','Flashbang'),('Total N00bcall','Punk '),('dickingthedog','Show-Boat '),('Kyle','Sticky'),('Kyle','Headhunter Helmet');
/*!40000 ALTER TABLE `challenges` ENABLE KEYS */;
UNLOCK TABLES;

--
-- Table structure for table `controls`
--

DROP TABLE IF EXISTS `controls`;
/*!40101 SET @saved_cs_client     = @@character_set_client */;
/*!40101 SET character_set_client = utf8 */;
CREATE TABLE `controls` (
  `username` varchar(20) DEFAULT NULL,
  `control_name` text,
  `control_index` double DEFAULT NULL,
  `control_code` double DEFAULT NULL,
  `using_gamepad` double DEFAULT NULL
) ENGINE=InnoDB DEFAULT CHARSET=utf8;
/*!40101 SET character_set_client = @saved_cs_client */;

--
-- Dumping data for table `controls`
--

LOCK TABLES `controls` WRITE;
/*!40000 ALTER TABLE `controls` DISABLE KEYS */;
INSERT INTO `controls` VALUES ('Kyle','Move Left',0,65,0),('Kyle','Move Right',1,68,0),('Kyle','Jump',2,87,0),('Kyle','Crouch',3,83,0),('Kyle','Evade',4,16,0),('Kyle','Previous Weapon',5,81,0),('Kyle','Next Weapon',6,69,0),('Kyle','Quickselect Sidearm',7,32,0),('Kyle','Pick Up Weapon',8,32,0),('Kyle','Reload',9,82,0),('Kyle','Shoot',10,1,0),('Kyle','Quicktoss Grenade',11,2,0),('Kyle','Select Primary',12,49,0),('Kyle','Select Secondary',13,50,0),('Kyle','Select Sidearm',14,51,0),('Kyle','Select Grenades',15,52,0),('Kyle','Drop Weapon',16,88,0),('Kyle','Mouse Sensitivity',17,1,0),('Kyle','Look Sensitivity',18,1,0),('Kyle','Swap Sticks',19,0,0),('Kyle','Move Left',0,32785,1),('Kyle','Move Right',1,32785,1),('Kyle','Jump',2,32769,1),('Kyle','Crouch',3,32770,1),('Kyle','Evade',4,32775,1),('Kyle','Previous Weapon',5,32779,1),('Kyle','Next Weapon',6,32780,1),('Kyle','Quickselect Sidearm',7,32772,1),('Kyle','Pick Up Weapon',8,32771,1),('Kyle','Reload',9,32773,1),('Kyle','Shoot',10,32776,1),('Kyle','Quicktoss Grenade',11,32774,1),('Kyle','Select Primary',12,32784,1),('Kyle','Select Secondary',13,32783,1),('Kyle','Select Sidearm',14,32782,1),('Kyle','Select Grenades',15,32781,1),('Kyle','Drop Weapon',16,32777,1),('Kyle','Mouse Sensitivity',17,55,1),('Kyle','Look Sensitivity',18,95,1),('Kyle','Swap Sticks',19,0,1),('Ricky','Move Left',0,65,0),('Ricky','Move Right',1,68,0),('Ricky','Jump',2,87,0),('Ricky','Crouch',3,83,0),('Ricky','Evade',4,16,0),('Ricky','Previous Weapon',5,81,0),('Ricky','Next Weapon',6,69,0),('Ricky','Quickselect Sidearm',7,32,0),('Ricky','Pick Up Weapon',8,32,0),('Ricky','Reload',9,82,0),('Ricky','Shoot',10,1,0),('Ricky','Quicktoss Grenade',11,2,0),('Ricky','Select Primary',12,49,0),('Ricky','Select Secondary',13,50,0),('Ricky','Select Sidearm',14,51,0),('Ricky','Select Grenades',15,52,0),('Ricky','Drop Weapon',16,88,0),('Ricky','Mouse Sensitivity',17,1,0),('Ricky','Look Sensitivity',18,1,0),('Ricky','Swap Sticks',19,0,0),('Ricky','Move Left',0,32785,1),('Ricky','Move Right',1,32785,1),('Ricky','Jump',2,32769,1),('Ricky','Crouch',3,32770,1),('Ricky','Evade',4,32775,1),('Ricky','Previous Weapon',5,32779,1),('Ricky','Next Weapon',6,32780,1),('Ricky','Quickselect Sidearm',7,32772,1),('Ricky','Pick Up Weapon',8,32771,1),('Ricky','Reload',9,32773,1),('Ricky','Shoot',10,32776,1),('Ricky','Quicktoss Grenade',11,32774,1),('Ricky','Select Primary',12,32784,1),('Ricky','Select Secondary',13,32783,1),('Ricky','Select Sidearm',14,32782,1),('Ricky','Select Grenades',15,32781,1),('Ricky','Drop Weapon',16,32777,1),('Ricky','Mouse Sensitivity',17,55,1),('Ricky','Look Sensitivity',18,95,1),('Ricky','Swap Sticks',19,0,1),('Bubbles','Move Left',0,65,0),('Bubbles','Move Right',1,68,0),('Bubbles','Jump',2,87,0),('Bubbles','Crouch',3,83,0),('Bubbles','Evade',4,16,0),('Bubbles','Previous Weapon',5,81,0),('Bubbles','Next Weapon',6,69,0),('Bubbles','Quickselect Sidearm',7,32,0),('Bubbles','Pick Up Weapon',8,32,0),('Bubbles','Reload',9,82,0),('Bubbles','Shoot',10,1,0),('Bubbles','Quicktoss Grenade',11,2,0),('Bubbles','Select Primary',12,49,0),('Bubbles','Select Secondary',13,50,0),('Bubbles','Select Sidearm',14,51,0),('Bubbles','Select Grenades',15,52,0),('Bubbles','Drop Weapon',16,88,0),('Bubbles','Mouse Sensitivity',17,1,0),('Bubbles','Look Sensitivity',18,1,0),('Bubbles','Swap Sticks',19,0,0),('Bubbles','Move Left',0,32785,1),('Bubbles','Move Right',1,32785,1),('Bubbles','Jump',2,32769,1),('Bubbles','Crouch',3,32770,1),('Bubbles','Evade',4,32775,1),('Bubbles','Previous Weapon',5,32779,1),('Bubbles','Next Weapon',6,32780,1),('Bubbles','Quickselect Sidearm',7,32772,1),('Bubbles','Pick Up Weapon',8,32771,1),('Bubbles','Reload',9,32773,1),('Bubbles','Shoot',10,32776,1),('Bubbles','Quicktoss Grenade',11,32774,1),('Bubbles','Select Primary',12,32784,1),('Bubbles','Select Secondary',13,32783,1),('Bubbles','Select Sidearm',14,32782,1),('Bubbles','Select Grenades',15,32781,1),('Bubbles','Drop Weapon',16,32777,1),('Bubbles','Mouse Sensitivity',17,55,1),('Bubbles','Look Sensitivity',18,95,1),('Bubbles','Swap Sticks',19,0,1),('Julian','Move Left',0,65,0),('Julian','Move Right',1,68,0),('Julian','Jump',2,87,0),('Julian','Crouch',3,83,0),('Julian','Evade',4,16,0),('Julian','Previous Weapon',5,81,0),('Julian','Next Weapon',6,69,0),('Julian','Quickselect Sidearm',7,32,0),('Julian','Pick Up Weapon',8,32,0),('Julian','Reload',9,82,0),('Julian','Shoot',10,1,0),('Julian','Quicktoss Grenade',11,2,0),('Julian','Select Primary',12,49,0),('Julian','Select Secondary',13,50,0),('Julian','Select Sidearm',14,51,0),('Julian','Select Grenades',15,52,0),('Julian','Drop Weapon',16,88,0),('Julian','Mouse Sensitivity',17,1,0),('Julian','Look Sensitivity',18,1,0),('Julian','Swap Sticks',19,0,0),('Julian','Move Left',0,32785,1),('Julian','Move Right',1,32785,1),('Julian','Jump',2,32769,1),('Julian','Crouch',3,32770,1),('Julian','Evade',4,32775,1),('Julian','Previous Weapon',5,32779,1),('Julian','Next Weapon',6,32780,1),('Julian','Quickselect Sidearm',7,32772,1),('Julian','Pick Up Weapon',8,32771,1),('Julian','Reload',9,32773,1),('Julian','Shoot',10,32776,1),('Julian','Quicktoss Grenade',11,32774,1),('Julian','Select Primary',12,32784,1),('Julian','Select Secondary',13,32783,1),('Julian','Select Sidearm',14,32782,1),('Julian','Select Grenades',15,32781,1),('Julian','Drop Weapon',16,32777,1),('Julian','Mouse Sensitivity',17,55,1),('Julian','Look Sensitivity',18,95,1),('Julian','Swap Sticks',19,0,1),('Marcel','Move Left',0,65,0),('Marcel','Move Right',1,68,0),('Marcel','Jump',2,87,0),('Marcel','Crouch',3,83,0),('Marcel','Evade',4,16,0),('Marcel','Previous Weapon',5,81,0),('Marcel','Next Weapon',6,69,0),('Marcel','Quickselect Sidearm',7,32,0),('Marcel','Pick Up Weapon',8,32,0),('Marcel','Reload',9,82,0),('Marcel','Shoot',10,1,0),('Marcel','Quicktoss Grenade',11,2,0),('Marcel','Select Primary',12,49,0),('Marcel','Select Secondary',13,50,0),('Marcel','Select Sidearm',14,51,0),('Marcel','Select Grenades',15,52,0),('Marcel','Drop Weapon',16,88,0),('Marcel','Mouse Sensitivity',17,1,0),('Marcel','Look Sensitivity',18,1,0),('Marcel','Swap Sticks',19,0,0),('Marcel','Move Left',0,32785,1),('Marcel','Move Right',1,32785,1),('Marcel','Jump',2,32769,1),('Marcel','Crouch',3,32770,1),('Marcel','Evade',4,32775,1),('Marcel','Previous Weapon',5,32779,1),('Marcel','Next Weapon',6,32780,1),('Marcel','Quickselect Sidearm',7,32772,1),('Marcel','Pick Up Weapon',8,32771,1),('Marcel','Reload',9,32773,1),('Marcel','Shoot',10,32776,1),('Marcel','Quicktoss Grenade',11,32774,1),('Marcel','Select Primary',12,32784,1),('Marcel','Select Secondary',13,32783,1),('Marcel','Select Sidearm',14,32782,1),('Marcel','Select Grenades',15,32781,1),('Marcel','Drop Weapon',16,32777,1),('Marcel','Mouse Sensitivity',17,55,1),('Marcel','Look Sensitivity',18,95,1),('Marcel','Swap Sticks',19,0,1),('Titdickass','Move Left',0,65,0),('Titdickass','Move Right',1,68,0),('Titdickass','Jump',2,87,0),('Titdickass','Crouch',3,83,0),('Titdickass','Evade',4,16,0),('Titdickass','Previous Weapon',5,81,0),('Titdickass','Next Weapon',6,69,0),('Titdickass','Quickselect Sidearm',7,32,0),('Titdickass','Pick Up Weapon',8,32,0),('Titdickass','Reload',9,82,0),('Titdickass','Shoot',10,1,0),('Titdickass','Quicktoss Grenade',11,2,0),('Titdickass','Select Primary',12,49,0),('Titdickass','Select Secondary',13,50,0),('Titdickass','Select Sidearm',14,51,0),('Titdickass','Select Grenades',15,52,0),('Titdickass','Drop Weapon',16,88,0),('Titdickass','Mouse Sensitivity',17,1,0),('Titdickass','Look Sensitivity',18,1,0),('Titdickass','Swap Sticks',19,0,0),('Titdickass','Move Left',0,32785,1),('Titdickass','Move Right',1,32785,1),('Titdickass','Jump',2,32769,1),('Titdickass','Crouch',3,32770,1),('Titdickass','Evade',4,32775,1),('Titdickass','Previous Weapon',5,32779,1),('Titdickass','Next Weapon',6,32780,1),('Titdickass','Quickselect Sidearm',7,32772,1),('Titdickass','Pick Up Weapon',8,32771,1),('Titdickass','Reload',9,32773,1),('Titdickass','Shoot',10,32776,1),('Titdickass','Quicktoss Grenade',11,32774,1),('Titdickass','Select Primary',12,32784,1),('Titdickass','Select Secondary',13,32783,1),('Titdickass','Select Sidearm',14,32782,1),('Titdickass','Select Grenades',15,32781,1),('Titdickass','Drop Weapon',16,32777,1),('Titdickass','Mouse Sensitivity',17,55,1),('Titdickass','Look Sensitivity',18,95,1),('Titdickass','Swap Sticks',19,0,1),('Blah','Move Left',0,65,0),('Blah','Move Right',1,68,0),('Blah','Jump',2,87,0),('Blah','Crouch',3,83,0),('Blah','Evade',4,16,0),('Blah','Previous Weapon',5,81,0),('Blah','Next Weapon',6,69,0),('Blah','Quickselect Sidearm',7,32,0),('Blah','Pick Up Weapon',8,32,0),('Blah','Reload',9,82,0),('Blah','Shoot',10,1,0),('Blah','Quicktoss Grenade',11,2,0),('Blah','Select Primary',12,49,0),('Blah','Select Secondary',13,50,0),('Blah','Select Sidearm',14,51,0),('Blah','Select Grenades',15,52,0),('Blah','Drop Weapon',16,88,0),('Blah','Mouse Sensitivity',17,1,0),('Blah','Look Sensitivity',18,1,0),('Blah','Swap Sticks',19,0,0),('Blah','Move Left',0,32785,1),('Blah','Move Right',1,32785,1),('Blah','Jump',2,32769,1),('Blah','Crouch',3,32770,1),('Blah','Evade',4,32775,1),('Blah','Previous Weapon',5,32779,1),('Blah','Next Weapon',6,32780,1),('Blah','Quickselect Sidearm',7,32772,1),('Blah','Pick Up Weapon',8,32771,1),('Blah','Reload',9,32773,1),('Blah','Shoot',10,32776,1),('Blah','Quicktoss Grenade',11,32774,1),('Blah','Select Primary',12,32784,1),('Blah','Select Secondary',13,32783,1),('Blah','Select Sidearm',14,32782,1),('Blah','Select Grenades',15,32781,1),('Blah','Drop Weapon',16,32777,1),('Blah','Mouse Sensitivity',17,55,1),('Blah','Look Sensitivity',18,95,1),('Blah','Swap Sticks',19,0,1),('Titties','Move Left',0,65,0),('Titties','Move Right',1,68,0),('Titties','Jump',2,87,0),('Titties','Crouch',3,83,0),('Titties','Evade',4,16,0),('Titties','Previous Weapon',5,81,0),('Titties','Next Weapon',6,69,0),('Titties','Quickselect Sidearm',7,32,0),('Titties','Pick Up Weapon',8,32,0),('Titties','Reload',9,82,0),('Titties','Shoot',10,1,0),('Titties','Quicktoss Grenade',11,2,0),('Titties','Select Primary',12,49,0),('Titties','Select Secondary',13,50,0),('Titties','Select Sidearm',14,51,0),('Titties','Select Grenades',15,52,0),('Titties','Drop Weapon',16,88,0),('Titties','Mouse Sensitivity',17,1,0),('Titties','Look Sensitivity',18,1,0),('Titties','Swap Sticks',19,0,0),('Titties','Move Left',0,32785,1),('Titties','Move Right',1,32785,1),('Titties','Jump',2,32769,1),('Titties','Crouch',3,32770,1),('Titties','Evade',4,32775,1),('Titties','Previous Weapon',5,32779,1),('Titties','Next Weapon',6,32780,1),('Titties','Quickselect Sidearm',7,32772,1),('Titties','Pick Up Weapon',8,32771,1),('Titties','Reload',9,32773,1),('Titties','Shoot',10,32776,1),('Titties','Quicktoss Grenade',11,32774,1),('Titties','Select Primary',12,32784,1),('Titties','Select Secondary',13,32783,1),('Titties','Select Sidearm',14,32782,1),('Titties','Select Grenades',15,32781,1),('Titties','Drop Weapon',16,32777,1),('Titties','Mouse Sensitivity',17,55,1),('Titties','Look Sensitivity',18,95,1),('Titties','Swap Sticks',19,0,1),('Scatonmysonstits','Move Left',0,65,0),('Scatonmysonstits','Move Right',1,68,0),('Scatonmysonstits','Jump',2,87,0),('Scatonmysonstits','Crouch',3,83,0),('Scatonmysonstits','Evade',4,16,0),('Scatonmysonstits','Previous Weapon',5,81,0),('Scatonmysonstits','Next Weapon',6,69,0),('Scatonmysonstits','Quickselect Sidearm',7,32,0),('Scatonmysonstits','Pick Up Weapon',8,32,0),('Scatonmysonstits','Reload',9,82,0),('Scatonmysonstits','Shoot',10,1,0),('Scatonmysonstits','Quicktoss Grenade',11,2,0),('Scatonmysonstits','Select Primary',12,49,0),('Scatonmysonstits','Select Secondary',13,50,0),('Scatonmysonstits','Select Sidearm',14,51,0),('Scatonmysonstits','Select Grenades',15,52,0),('Scatonmysonstits','Drop Weapon',16,88,0),('Scatonmysonstits','Mouse Sensitivity',17,1,0),('Scatonmysonstits','Look Sensitivity',18,1,0),('Scatonmysonstits','Swap Sticks',19,0,0),('Scatonmysonstits','Move Left',0,32785,1),('Scatonmysonstits','Move Right',1,32785,1),('Scatonmysonstits','Jump',2,32769,1),('Scatonmysonstits','Crouch',3,32770,1),('Scatonmysonstits','Evade',4,32775,1),('Scatonmysonstits','Previous Weapon',5,32779,1),('Scatonmysonstits','Next Weapon',6,32780,1),('Scatonmysonstits','Quickselect Sidearm',7,32772,1),('Scatonmysonstits','Pick Up Weapon',8,32771,1),('Scatonmysonstits','Reload',9,32773,1),('Scatonmysonstits','Shoot',10,32776,1),('Scatonmysonstits','Quicktoss Grenade',11,32774,1),('Scatonmysonstits','Select Primary',12,32784,1),('Scatonmysonstits','Select Secondary',13,32783,1),('Scatonmysonstits','Select Sidearm',14,32782,1),('Scatonmysonstits','Select Grenades',15,32781,1),('Scatonmysonstits','Drop Weapon',16,32777,1),('Scatonmysonstits','Mouse Sensitivity',17,55,1),('Scatonmysonstits','Look Sensitivity',18,95,1),('Scatonmysonstits','Swap Sticks',19,0,1),('Dickinmynephewsass','Move Left',0,65,0),('Dickinmynephewsass','Move Right',1,68,0),('Dickinmynephewsass','Jump',2,87,0),('Dickinmynephewsass','Crouch',3,83,0),('Dickinmynephewsass','Evade',4,16,0),('Dickinmynephewsass','Previous Weapon',5,81,0),('Dickinmynephewsass','Next Weapon',6,69,0),('Dickinmynephewsass','Quickselect Sidearm',7,32,0),('Dickinmynephewsass','Pick Up Weapon',8,32,0),('Dickinmynephewsass','Reload',9,82,0),('Dickinmynephewsass','Shoot',10,1,0),('Dickinmynephewsass','Quicktoss Grenade',11,2,0),('Dickinmynephewsass','Select Primary',12,49,0),('Dickinmynephewsass','Select Secondary',13,50,0),('Dickinmynephewsass','Select Sidearm',14,51,0),('Dickinmynephewsass','Select Grenades',15,52,0),('Dickinmynephewsass','Drop Weapon',16,88,0),('Dickinmynephewsass','Mouse Sensitivity',17,1,0),('Dickinmynephewsass','Look Sensitivity',18,1,0),('Dickinmynephewsass','Swap Sticks',19,0,0),('Dickinmynephewsass','Move Left',0,32785,1),('Dickinmynephewsass','Move Right',1,32785,1),('Dickinmynephewsass','Jump',2,32769,1),('Dickinmynephewsass','Crouch',3,32770,1),('Dickinmynephewsass','Evade',4,32775,1),('Dickinmynephewsass','Previous Weapon',5,32779,1),('Dickinmynephewsass','Next Weapon',6,32780,1),('Dickinmynephewsass','Quickselect Sidearm',7,32772,1),('Dickinmynephewsass','Pick Up Weapon',8,32771,1),('Dickinmynephewsass','Reload',9,32773,1),('Dickinmynephewsass','Shoot',10,32776,1),('Dickinmynephewsass','Quicktoss Grenade',11,32774,1),('Dickinmynephewsass','Select Primary',12,32784,1),('Dickinmynephewsass','Select Secondary',13,32783,1),('Dickinmynephewsass','Select Sidearm',14,32782,1),('Dickinmynephewsass','Select Grenades',15,32781,1),('Dickinmynephewsass','Drop Weapon',16,32777,1),('Dickinmynephewsass','Mouse Sensitivity',17,55,1),('Dickinmynephewsass','Look Sensitivity',18,95,1),('Dickinmynephewsass','Swap Sticks',19,0,1),('Total N00bcall','Move Left',0,65,0),('Total N00bcall','Move Right',1,68,0),('Total N00bcall','Jump',2,87,0),('Total N00bcall','Crouch',3,83,0),('Total N00bcall','Evade',4,16,0),('Total N00bcall','Previous Weapon',5,81,0),('Total N00bcall','Next Weapon',6,69,0),('Total N00bcall','Quickselect Sidearm',7,32,0),('Total N00bcall','Pick Up Weapon',8,32,0),('Total N00bcall','Reload',9,82,0),('Total N00bcall','Shoot',10,1,0),('Total N00bcall','Quicktoss Grenade',11,2,0),('Total N00bcall','Select Primary',12,49,0),('Total N00bcall','Select Secondary',13,50,0),('Total N00bcall','Select Sidearm',14,51,0),('Total N00bcall','Select Grenades',15,52,0),('Total N00bcall','Drop Weapon',16,88,0),('Total N00bcall','Mouse Sensitivity',17,1,0),('Total N00bcall','Look Sensitivity',18,1,0),('Total N00bcall','Swap Sticks',19,0,0),('Total N00bcall','Move Left',0,32785,1),('Total N00bcall','Move Right',1,32785,1),('Total N00bcall','Jump',2,32769,1),('Total N00bcall','Crouch',3,32770,1),('Total N00bcall','Evade',4,32775,1),('Total N00bcall','Previous Weapon',5,32779,1),('Total N00bcall','Next Weapon',6,32780,1),('Total N00bcall','Quickselect Sidearm',7,32772,1),('Total N00bcall','Pick Up Weapon',8,32771,1),('Total N00bcall','Reload',9,32773,1),('Total N00bcall','Shoot',10,32776,1),('Total N00bcall','Quicktoss Grenade',11,32774,1),('Total N00bcall','Select Primary',12,32784,1),('Total N00bcall','Select Secondary',13,32783,1),('Total N00bcall','Select Sidearm',14,32782,1),('Total N00bcall','Select Grenades',15,32781,1),('Total N00bcall','Drop Weapon',16,32777,1),('Total N00bcall','Mouse Sensitivity',17,55,1),('Total N00bcall','Look Sensitivity',18,95,1),('Total N00bcall','Swap Sticks',19,0,1),('Dickingthedog','Move Left',0,65,0),('Dickingthedog','Move Right',1,68,0),('Dickingthedog','Jump',2,87,0),('Dickingthedog','Crouch',3,83,0),('Dickingthedog','Evade',4,16,0),('Dickingthedog','Previous Weapon',5,81,0),('Dickingthedog','Next Weapon',6,69,0),('Dickingthedog','Quickselect Sidearm',7,32,0),('Dickingthedog','Pick Up Weapon',8,32,0),('Dickingthedog','Reload',9,82,0),('Dickingthedog','Shoot',10,1,0),('Dickingthedog','Quicktoss Grenade',11,2,0),('Dickingthedog','Select Primary',12,49,0),('Dickingthedog','Select Secondary',13,50,0),('Dickingthedog','Select Sidearm',14,51,0),('Dickingthedog','Select Grenades',15,52,0),('Dickingthedog','Drop Weapon',16,88,0),('Dickingthedog','Mouse Sensitivity',17,1,0),('Dickingthedog','Look Sensitivity',18,1,0),('Dickingthedog','Swap Sticks',19,0,0),('Dickingthedog','Move Left',0,32785,1),('Dickingthedog','Move Right',1,32785,1),('Dickingthedog','Jump',2,32769,1),('Dickingthedog','Crouch',3,32770,1),('Dickingthedog','Evade',4,32775,1),('Dickingthedog','Previous Weapon',5,32779,1),('Dickingthedog','Next Weapon',6,32780,1),('Dickingthedog','Quickselect Sidearm',7,32772,1),('Dickingthedog','Pick Up Weapon',8,32771,1),('Dickingthedog','Reload',9,32773,1),('Dickingthedog','Shoot',10,32776,1),('Dickingthedog','Quicktoss Grenade',11,32774,1),('Dickingthedog','Select Primary',12,32784,1),('Dickingthedog','Select Secondary',13,32783,1),('Dickingthedog','Select Sidearm',14,32782,1),('Dickingthedog','Select Grenades',15,32781,1),('Dickingthedog','Drop Weapon',16,32777,1),('Dickingthedog','Mouse Sensitivity',17,55,1),('Dickingthedog','Look Sensitivity',18,95,1),('Dickingthedog','Swap Sticks',19,0,1),('Arsehunter69','Move Left',0,65,0),('Arsehunter69','Move Right',1,68,0),('Arsehunter69','Jump',2,87,0),('Arsehunter69','Crouch',3,83,0),('Arsehunter69','Evade',4,16,0),('Arsehunter69','Previous Weapon',5,81,0),('Arsehunter69','Next Weapon',6,69,0),('Arsehunter69','Quickselect Sidearm',7,32,0),('Arsehunter69','Pick Up Weapon',8,32,0),('Arsehunter69','Reload',9,82,0),('Arsehunter69','Shoot',10,1,0),('Arsehunter69','Quicktoss Grenade',11,2,0),('Arsehunter69','Select Primary',12,49,0),('Arsehunter69','Select Secondary',13,50,0),('Arsehunter69','Select Sidearm',14,51,0),('Arsehunter69','Select Grenades',15,52,0),('Arsehunter69','Drop Weapon',16,88,0),('Arsehunter69','Mouse Sensitivity',17,1,0),('Arsehunter69','Look Sensitivity',18,1,0),('Arsehunter69','Swap Sticks',19,0,0),('Arsehunter69','Move Left',0,32785,1),('Arsehunter69','Move Right',1,32785,1),('Arsehunter69','Jump',2,32769,1),('Arsehunter69','Crouch',3,32770,1),('Arsehunter69','Evade',4,32775,1),('Arsehunter69','Previous Weapon',5,32779,1),('Arsehunter69','Next Weapon',6,32780,1),('Arsehunter69','Quickselect Sidearm',7,32772,1),('Arsehunter69','Pick Up Weapon',8,32771,1),('Arsehunter69','Reload',9,32773,1),('Arsehunter69','Shoot',10,32776,1),('Arsehunter69','Quicktoss Grenade',11,32774,1),('Arsehunter69','Select Primary',12,32784,1),('Arsehunter69','Select Secondary',13,32783,1),('Arsehunter69','Select Sidearm',14,32782,1),('Arsehunter69','Select Grenades',15,32781,1),('Arsehunter69','Drop Weapon',16,32777,1),('Arsehunter69','Mouse Sensitivity',17,55,1),('Arsehunter69','Look Sensitivity',18,95,1),('Arsehunter69','Swap Sticks',19,0,1),('@$$','Move Left',0,65,0),('@$$','Move Right',1,68,0),('@$$','Jump',2,87,0),('@$$','Crouch',3,83,0),('@$$','Evade',4,16,0),('@$$','Previous Weapon',5,81,0),('@$$','Next Weapon',6,69,0),('@$$','Quickselect Sidearm',7,32,0),('@$$','Pick Up Weapon',8,32,0),('@$$','Reload',9,82,0),('@$$','Shoot',10,1,0),('@$$','Quicktoss Grenade',11,2,0),('@$$','Select Primary',12,49,0),('@$$','Select Secondary',13,50,0),('@$$','Select Sidearm',14,51,0),('@$$','Select Grenades',15,52,0),('@$$','Drop Weapon',16,88,0),('@$$','Mouse Sensitivity',17,1,0),('@$$','Look Sensitivity',18,1,0),('@$$','Swap Sticks',19,0,0),('@$$','Move Left',0,32785,1),('@$$','Move Right',1,32785,1),('@$$','Jump',2,32769,1),('@$$','Crouch',3,32770,1),('@$$','Evade',4,32775,1),('@$$','Previous Weapon',5,32779,1),('@$$','Next Weapon',6,32780,1),('@$$','Quickselect Sidearm',7,32772,1),('@$$','Pick Up Weapon',8,32771,1),('@$$','Reload',9,32773,1),('@$$','Shoot',10,32776,1),('@$$','Quicktoss Grenade',11,32774,1),('@$$','Select Primary',12,32784,1),('@$$','Select Secondary',13,32783,1),('@$$','Select Sidearm',14,32782,1),('@$$','Select Grenades',15,32781,1),('@$$','Drop Weapon',16,32777,1),('@$$','Mouse Sensitivity',17,55,1),('@$$','Look Sensitivity',18,95,1),('@$$','Swap Sticks',19,0,1),('Duke Silver','Move Left',0,65,0),('Duke Silver','Move Right',1,68,0),('Duke Silver','Jump',2,87,0),('Duke Silver','Crouch',3,83,0),('Duke Silver','Evade',4,16,0),('Duke Silver','Previous Weapon',5,81,0),('Duke Silver','Next Weapon',6,69,0),('Duke Silver','Quickselect Sidearm',7,32,0),('Duke Silver','Pick Up Weapon',8,32,0),('Duke Silver','Reload',9,82,0),('Duke Silver','Shoot',10,1,0),('Duke Silver','Quicktoss Grenade',11,2,0),('Duke Silver','Select Primary',12,49,0),('Duke Silver','Select Secondary',13,50,0),('Duke Silver','Select Sidearm',14,51,0),('Duke Silver','Select Grenades',15,52,0),('Duke Silver','Drop Weapon',16,88,0),('Duke Silver','Mouse Sensitivity',17,1,0),('Duke Silver','Look Sensitivity',18,1,0),('Duke Silver','Swap Sticks',19,0,0),('Duke Silver','Move Left',0,32785,1),('Duke Silver','Move Right',1,32785,1),('Duke Silver','Jump',2,32769,1),('Duke Silver','Crouch',3,32770,1),('Duke Silver','Evade',4,32775,1),('Duke Silver','Previous Weapon',5,32779,1),('Duke Silver','Next Weapon',6,32780,1),('Duke Silver','Quickselect Sidearm',7,32772,1),('Duke Silver','Pick Up Weapon',8,32771,1),('Duke Silver','Reload',9,32773,1),('Duke Silver','Shoot',10,32776,1),('Duke Silver','Quicktoss Grenade',11,32774,1),('Duke Silver','Select Primary',12,32784,1),('Duke Silver','Select Secondary',13,32783,1),('Duke Silver','Select Sidearm',14,32782,1),('Duke Silver','Select Grenades',15,32781,1),('Duke Silver','Drop Weapon',16,32777,1),('Duke Silver','Mouse Sensitivity',17,55,1),('Duke Silver','Look Sensitivity',18,95,1),('Duke Silver','Swap Sticks',19,0,1),('Bitchtits','Move Left',0,65,0),('Bitchtits','Move Right',1,68,0),('Bitchtits','Jump',2,87,0),('Bitchtits','Crouch',3,83,0),('Bitchtits','Evade',4,16,0),('Bitchtits','Previous Weapon',5,81,0),('Bitchtits','Next Weapon',6,69,0),('Bitchtits','Quickselect Sidearm',7,89,0),('Bitchtits','Pick Up Weapon',8,32,0),('Bitchtits','Reload',9,82,0),('Bitchtits','Shoot',10,1,0),('Bitchtits','Quicktoss Grenade',11,2,0),('Bitchtits','Select Primary',12,49,0),('Bitchtits','Select Secondary',13,50,0),('Bitchtits','Select Sidearm',14,51,0),('Bitchtits','Select Grenades',15,52,0),('Bitchtits','Drop Weapon',16,88,0),('Bitchtits','Mouse Sensitivity',17,1,0),('Bitchtits','Look Sensitivity',18,1,0),('Bitchtits','Swap Sticks',19,0,0),('Bitchtits','Move Left',0,32785,1),('Bitchtits','Move Right',1,32785,1),('Bitchtits','Jump',2,32769,1),('Bitchtits','Crouch',3,32770,1),('Bitchtits','Evade',4,32775,1),('Bitchtits','Previous Weapon',5,32779,1),('Bitchtits','Next Weapon',6,32780,1),('Bitchtits','Quickselect Sidearm',7,32772,1),('Bitchtits','Pick Up Weapon',8,32771,1),('Bitchtits','Reload',9,32773,1),('Bitchtits','Shoot',10,32776,1),('Bitchtits','Quicktoss Grenade',11,32774,1),('Bitchtits','Select Primary',12,32784,1),('Bitchtits','Select Secondary',13,32783,1),('Bitchtits','Select Sidearm',14,32782,1),('Bitchtits','Select Grenades',15,32781,1),('Bitchtits','Drop Weapon',16,32777,1),('Bitchtits','Mouse Sensitivity',17,55,1),('Bitchtits','Look Sensitivity',18,95,1),('Bitchtits','Swap Sticks',19,0,1),('Sex Redneck Burglar','Move Left',0,65,0),('Sex Redneck Burglar','Move Right',1,68,0),('Sex Redneck Burglar','Jump',2,87,0),('Sex Redneck Burglar','Crouch',3,83,0),('Sex Redneck Burglar','Evade',4,16,0),('Sex Redneck Burglar','Previous Weapon',5,81,0),('Sex Redneck Burglar','Next Weapon',6,69,0),('Sex Redneck Burglar','Quickselect Sidearm',7,72,0),('Sex Redneck Burglar','Pick Up Weapon',8,32,0),('Sex Redneck Burglar','Reload',9,82,0),('Sex Redneck Burglar','Shoot',10,1,0),('Sex Redneck Burglar','Quicktoss Grenade',11,71,0),('Sex Redneck Burglar','Select Primary',12,49,0),('Sex Redneck Burglar','Select Secondary',13,50,0),('Sex Redneck Burglar','Select Sidearm',14,51,0),('Sex Redneck Burglar','Select Grenades',15,52,0),('Sex Redneck Burglar','Drop Weapon',16,88,0),('Sex Redneck Burglar','Mouse Sensitivity',17,1,0),('Sex Redneck Burglar','Look Sensitivity',18,1,0),('Sex Redneck Burglar','Swap Sticks',19,0,0),('Sex Redneck Burglar','Move Left',0,32785,1),('Sex Redneck Burglar','Move Right',1,32785,1),('Sex Redneck Burglar','Jump',2,32769,1),('Sex Redneck Burglar','Crouch',3,32770,1),('Sex Redneck Burglar','Evade',4,32775,1),('Sex Redneck Burglar','Previous Weapon',5,32779,1),('Sex Redneck Burglar','Next Weapon',6,32780,1),('Sex Redneck Burglar','Quickselect Sidearm',7,32772,1),('Sex Redneck Burglar','Pick Up Weapon',8,32771,1),('Sex Redneck Burglar','Reload',9,32773,1),('Sex Redneck Burglar','Shoot',10,32776,1),('Sex Redneck Burglar','Quicktoss Grenade',11,32774,1),('Sex Redneck Burglar','Select Primary',12,32784,1),('Sex Redneck Burglar','Select Secondary',13,32783,1),('Sex Redneck Burglar','Select Sidearm',14,32782,1),('Sex Redneck Burglar','Select Grenades',15,32781,1),('Sex Redneck Burglar','Drop Weapon',16,32777,1),('Sex Redneck Burglar','Mouse Sensitivity',17,55,1),('Sex Redneck Burglar','Look Sensitivity',18,95,1),('Sex Redneck Burglar','Swap Sticks',19,0,1),('@ss','Move Left',0,65,0),('@ss','Move Right',1,68,0),('@ss','Jump',2,87,0),('@ss','Crouch',3,83,0),('@ss','Evade',4,16,0),('@ss','Previous Weapon',5,81,0),('@ss','Next Weapon',6,69,0),('@ss','Quickselect Sidearm',7,32,0),('@ss','Pick Up Weapon',8,32,0),('@ss','Reload',9,82,0),('@ss','Shoot',10,1,0),('@ss','Quicktoss Grenade',11,2,0),('@ss','Select Primary',12,49,0),('@ss','Select Secondary',13,50,0),('@ss','Select Sidearm',14,51,0),('@ss','Select Grenades',15,52,0),('@ss','Drop Weapon',16,88,0),('@ss','Mouse Sensitivity',17,1,0),('@ss','Look Sensitivity',18,1,0),('@ss','Swap Sticks',19,0,0),('@ss','Move Left',0,32785,1),('@ss','Move Right',1,32785,1),('@ss','Jump',2,32769,1),('@ss','Crouch',3,32770,1),('@ss','Evade',4,32775,1),('@ss','Previous Weapon',5,32779,1),('@ss','Next Weapon',6,32780,1),('@ss','Quickselect Sidearm',7,32772,1),('@ss','Pick Up Weapon',8,32771,1),('@ss','Reload',9,32773,1),('@ss','Shoot',10,32776,1),('@ss','Quicktoss Grenade',11,32774,1),('@ss','Select Primary',12,32784,1),('@ss','Select Secondary',13,32783,1),('@ss','Select Sidearm',14,32782,1),('@ss','Select Grenades',15,32781,1),('@ss','Drop Weapon',16,32777,1),('@ss','Mouse Sensitivity',17,55,1),('@ss','Look Sensitivity',18,95,1),('@ss','Swap Sticks',19,0,1),('Sex Tapir','Move Left',0,65,0),('Sex Tapir','Move Right',1,68,0),('Sex Tapir','Jump',2,87,0),('Sex Tapir','Crouch',3,83,0),('Sex Tapir','Evade',4,16,0),('Sex Tapir','Previous Weapon',5,81,0),('Sex Tapir','Next Weapon',6,69,0),('Sex Tapir','Quickselect Sidearm',7,89,0),('Sex Tapir','Pick Up Weapon',8,32,0),('Sex Tapir','Reload',9,82,0),('Sex Tapir','Shoot',10,1,0),('Sex Tapir','Quicktoss Grenade',11,71,0),('Sex Tapir','Select Primary',12,49,0),('Sex Tapir','Select Secondary',13,50,0),('Sex Tapir','Select Sidearm',14,51,0),('Sex Tapir','Select Grenades',15,52,0),('Sex Tapir','Drop Weapon',16,88,0),('Sex Tapir','Mouse Sensitivity',17,1,0),('Sex Tapir','Look Sensitivity',18,1,0),('Sex Tapir','Swap Sticks',19,0,0),('Sex Tapir','Move Left',0,32785,1),('Sex Tapir','Move Right',1,32785,1),('Sex Tapir','Jump',2,32769,1),('Sex Tapir','Crouch',3,32770,1),('Sex Tapir','Evade',4,32775,1),('Sex Tapir','Previous Weapon',5,32779,1),('Sex Tapir','Next Weapon',6,32780,1),('Sex Tapir','Quickselect Sidearm',7,32772,1),('Sex Tapir','Pick Up Weapon',8,32771,1),('Sex Tapir','Reload',9,32773,1),('Sex Tapir','Shoot',10,32776,1),('Sex Tapir','Quicktoss Grenade',11,32774,1),('Sex Tapir','Select Primary',12,32784,1),('Sex Tapir','Select Secondary',13,32783,1),('Sex Tapir','Select Sidearm',14,32782,1),('Sex Tapir','Select Grenades',15,32781,1),('Sex Tapir','Drop Weapon',16,32777,1),('Sex Tapir','Mouse Sensitivity',17,55,1),('Sex Tapir','Look Sensitivity',18,95,1),('Sex Tapir','Swap Sticks',19,0,1),('unowned drink','Move Left',0,65,0),('unowned drink','Move Right',1,68,0),('unowned drink','Jump',2,87,0),('unowned drink','Crouch',3,83,0),('unowned drink','Evade',4,16,0),('unowned drink','Previous Weapon',5,81,0),('unowned drink','Next Weapon',6,69,0),('unowned drink','Quickselect Sidearm',7,32,0),('unowned drink','Pick Up Weapon',8,32,0),('unowned drink','Reload',9,82,0),('unowned drink','Shoot',10,1,0),('unowned drink','Quicktoss Grenade',11,2,0),('unowned drink','Select Primary',12,49,0),('unowned drink','Select Secondary',13,50,0),('unowned drink','Select Sidearm',14,51,0),('unowned drink','Select Grenades',15,52,0),('unowned drink','Drop Weapon',16,88,0),('unowned drink','Mouse Sensitivity',17,1,0),('unowned drink','Look Sensitivity',18,1,0),('unowned drink','Swap Sticks',19,0,0),('unowned drink','Move Left',0,32785,1),('unowned drink','Move Right',1,32785,1),('unowned drink','Jump',2,32769,1),('unowned drink','Crouch',3,32770,1),('unowned drink','Evade',4,32775,1),('unowned drink','Previous Weapon',5,32779,1),('unowned drink','Next Weapon',6,32780,1),('unowned drink','Quickselect Sidearm',7,32772,1),('unowned drink','Pick Up Weapon',8,32771,1),('unowned drink','Reload',9,32773,1),('unowned drink','Shoot',10,32776,1),('unowned drink','Quicktoss Grenade',11,32774,1),('unowned drink','Select Primary',12,32784,1),('unowned drink','Select Secondary',13,32783,1),('unowned drink','Select Sidearm',14,32782,1),('unowned drink','Select Grenades',15,32781,1),('unowned drink','Drop Weapon',16,32777,1),('unowned drink','Mouse Sensitivity',17,55,1),('unowned drink','Look Sensitivity',18,95,1),('unowned drink','Swap Sticks',19,0,1),('kacha bird','Move Left',0,65,0),('kacha bird','Move Right',1,68,0),('kacha bird','Jump',2,87,0),('kacha bird','Crouch',3,83,0),('kacha bird','Evade',4,16,0),('kacha bird','Previous Weapon',5,81,0),('kacha bird','Next Weapon',6,69,0),('kacha bird','Quickselect Sidearm',7,32,0),('kacha bird','Pick Up Weapon',8,32,0),('kacha bird','Reload',9,82,0),('kacha bird','Shoot',10,1,0),('kacha bird','Quicktoss Grenade',11,2,0),('kacha bird','Select Primary',12,49,0),('kacha bird','Select Secondary',13,50,0),('kacha bird','Select Sidearm',14,51,0),('kacha bird','Select Grenades',15,52,0),('kacha bird','Drop Weapon',16,88,0),('kacha bird','Mouse Sensitivity',17,1,0),('kacha bird','Look Sensitivity',18,1,0),('kacha bird','Swap Sticks',19,0,0),('kacha bird','Move Left',0,32785,1),('kacha bird','Move Right',1,32785,1),('kacha bird','Jump',2,32769,1),('kacha bird','Crouch',3,32770,1),('kacha bird','Evade',4,32775,1),('kacha bird','Previous Weapon',5,32779,1),('kacha bird','Next Weapon',6,32780,1),('kacha bird','Quickselect Sidearm',7,32772,1),('kacha bird','Pick Up Weapon',8,32771,1),('kacha bird','Reload',9,32773,1),('kacha bird','Shoot',10,32776,1),('kacha bird','Quicktoss Grenade',11,32774,1),('kacha bird','Select Primary',12,32784,1),('kacha bird','Select Secondary',13,32783,1),('kacha bird','Select Sidearm',14,32782,1),('kacha bird','Select Grenades',15,32781,1),('kacha bird','Drop Weapon',16,32777,1),('kacha bird','Mouse Sensitivity',17,55,1),('kacha bird','Look Sensitivity',18,95,1),('kacha bird','Swap Sticks',19,0,1);
/*!40000 ALTER TABLE `controls` ENABLE KEYS */;
UNLOCK TABLES;

--
-- Table structure for table `events`
--

DROP TABLE IF EXISTS `events`;
/*!40101 SET @saved_cs_client     = @@character_set_client */;
/*!40101 SET character_set_client = utf8 */;
CREATE TABLE `events` (
  `username` varchar(20) DEFAULT NULL,
  `msg` text,
  `str1` text,
  `str2` text,
  `real1` double DEFAULT NULL
) ENGINE=InnoDB DEFAULT CHARSET=utf8;
/*!40101 SET character_set_client = @saved_cs_client */;

--
-- Dumping data for table `events`
--

LOCK TABLES `events` WRITE;
/*!40000 ALTER TABLE `events` DISABLE KEYS */;
INSERT INTO `events` VALUES ('knurly foxglove','new_user','','',0),('forceful dish','new_user','','',0),('uncursed pine','new_user','','',0),('distyle hovercraft','new_user','','',0),('dustless tenor','new_user','','',0),('haloid closet','new_user','','',0),('tricky basket','new_user','','',0),('slashing yard','new_user','','',0),('shapely kamikaze','new_user','','',0),('contused marimba','new_user','','',0),('bedrid grill','new_user','','',0),('unsailed energy','new_user','','',0),('untombed blade','new_user','','',0),('giddied rubber','new_user','','',0),('brambly luttuce','new_user','','',0),('writhen archer','new_user','','',0),('conscious dentist','new_user','','',0),('prolate bail','new_user','','',0),('puling servant','new_user','','',0),('perished morning','new_user','','',0),('rugose hawk','new_user','','',0),('countless beautician','new_user','','',0),('salty ex-husband','new_user','','',0),('blinding luttuce','new_user','','',0),('cancelled buzzard','new_user','','',0),('gulfy cocoa','new_user','','',0),('prowessed character','new_user','','',0),('cristate zephyr','new_user','','',0),('stumpy van','new_user','','',0),('tranquil candle','new_user','','',0),('unsung name','new_user','','',0),('amort airport','new_user','','',0),('globoid tooth','new_user','','',0),('sulky kohlrabi','new_user','','',0),('blotty zoo','new_user','','',0),('unspared throne','new_user','','',0),('fangled oboe','new_user','','',0),('atilt brace','new_user','','',0),('uncursed holiday','new_user','','',0),('weer tea','new_user','','',0),('damfool sun','new_user','','',0),('ailing size','new_user','','',0),('unstilled plain','new_user','','',0),('hidden cub','new_user','','',0),('forceful puppy','new_user','','',0),('wrongful starter','new_user','','',0),('branching society','new_user','','',0),('spleenish jaguar','new_user','','',0),('lither apartment','new_user','','',0),('postiche interviewer','new_user','','',0),('fiendish lung','new_user','','',0),('fictile aftermath','new_user','','',0),('bloodied alphabet','new_user','','',0),('rightful kitten','new_user','','',0),('bairnly statement','new_user','','',0),('clonic separated','new_user','','',0),('naive pipe','new_user','','',0),('blithesome relish','new_user','','',0),('backboned driver','new_user','','',0),('priceless sausage','new_user','','',0),('grieving earth','new_user','','',0),('porrect susan','new_user','','',0),('blubber canoe','new_user','','',0),('lurid wish','new_user','','',0),('unset bench','new_user','','',0),('faithless sleep','new_user','','',0),('rhythmic cricket','new_user','','',0),('needy butane','new_user','','',0),('raffish supermarket','new_user','','',0),('pointing error','new_user','','',0),('lithesome tail','new_user','','',0),('pursy centimeter','new_user','','',0),('coarser verdict','new_user','','',0),('unrhymed thermometer','new_user','','',0),('untinned hammer','new_user','','',0),('diffuse palm','new_user','','',0),('abroad jumbo','new_user','','',0),('wilful kimberly','new_user','','',0),('fungoid loss','new_user','','',0),('makeshift mine','new_user','','',0),('manful romania','new_user','','',0),('blending tortoise','new_user','','',0),('haunting format','new_user','','',0),('vatic bomb','new_user','','',0),('sequined submarine','new_user','','',0),('seduced beat','new_user','','',0),('inflexed boundary','new_user','','',0),('chevroned trapezoid','new_user','','',0),('stemless cone','new_user','','',0),('upstart eagle','new_user','','',0),('townless lion','new_user','','',0),('packaged bat','new_user','','',0),('hardwood hamster','new_user','','',0),('frilly ronald','new_user','','',0),('laggard sack','new_user','','',0),('vambraced jacket','new_user','','',0),('xiphoid india','new_user','','',0),('concise column','new_user','','',0),('warlike nest','new_user','','',0),('southmost desert','new_user','','',0),('widespread fly','new_user','','',0),('unhailed visitor','new_user','','',0),('tuskless agenda','new_user','','',0),('chanceless jewel','new_user','','',0),('rheumy bedroom','new_user','','',0),('starless guitar','new_user','','',0),('swaraj pump','new_user','','',0),('baccate priest','new_user','','',0),('distyle gear','new_user','','',0),('plaguey rotate','new_user','','',0),('rhotic george','new_user','','',0),('pyknic tadpole','new_user','','',0),('noisy string','new_user','','',0),('footling daffodil','new_user','','',0),('barefoot basin','new_user','','',0),('unlearnt craftsman','new_user','','',0),('alloyed drawer','new_user','','',0),('gainly newsprint','new_user','','',0),('runtish british','new_user','','',0),('couchant skin','new_user','','',0),('blotto unit','new_user','','',0),('treen currency','new_user','','',0),('fleckless chin','new_user','','',0),('muscly soldier','new_user','','',0),('peppy composer','new_user','','',0),('goosey star','new_user','','',0),('biggest increase','new_user','','',0),('nubbly bottle','new_user','','',0),('lathlike orange','new_user','','',0),('dopey zipper','new_user','','',0),('shawlless tailor','new_user','','',0),('lilied description','new_user','','',0),('obese greece','new_user','','',0),('discrete turn','new_user','','',0),('hoodless wing','new_user','','',0),('enslaved odometer','new_user','','',0),('livelong bail','new_user','','',0),('salted cannon','new_user','','',0),('scratchy college','new_user','','',0),('lightweight touch','new_user','','',0),('debauched competitor','new_user','','',0),('ocker mountain','new_user','','',0),('uncleansed forgery','new_user','','',0),('rueful hubcap','new_user','','',0),('nipping line','new_user','','',0),('unruled puffin','new_user','','',0),('horrent Thursday','new_user','','',0),('slantwise mailman','new_user','','',0),('bilious aries','new_user','','',0),('oafish shirt','new_user','','',0),('gracious thrill','new_user','','',0),('uncured angora','new_user','','',0),('lambent bibliography','new_user','','',0),('trustful mosque','new_user','','',0),('louring cousin','new_user','','',0),('dreamlike copyright','new_user','','',0),('murky balloon','new_user','','',0),('dumbstruck pressure','new_user','','',0),('agley sycamore','new_user','','',0),('beating squirrel','new_user','','',0),('purer hot','new_user','','',0),('deathly distance','new_user','','',0),('awesome bagel','new_user','','',0),('molar basin','new_user','','',0),('unguled niece','new_user','','',0),('unsung inch','new_user','','',0),('scientific work','new_user','','',0),('stoneground chill','new_user','','',0),('pesky window','new_user','','',0),('cursed jaw','new_user','','',0),('grating colony','new_user','','',0),('vagal message','new_user','','',0),('dustless cloth','new_user','','',0),('lyrate step-mother','new_user','','',0),('stannous moat','new_user','','',0),('glumpy search','new_user','','',0),('dermal governor','new_user','','',0),('dulcet wheel','new_user','','',0),('tricksome microwave','new_user','','',0),('hardback india','new_user','','',0),('pimpled ostrich','new_user','','',0),('knurly bread','new_user','','',0),('bistred statement','new_user','','',0),('unmissed sousaphone','new_user','','',0),('diffused invoice','new_user','','',0),('porrect patricia','new_user','','',0),('ahorse sled','new_user','','',0),('required fold','new_user','','',0),('unpoised hand','new_user','','',0),('okay cereal','new_user','','',0),('bravest cave','new_user','','',0),('snappish armadillo','new_user','','',0),('fontal wave','new_user','','',0),('glutted crow','new_user','','',0),('humid fiction','new_user','','',0),('fluky chime','new_user','','',0),('bulky blanket','new_user','','',0),('wigless enemy','new_user','','',0),('flowered cave','new_user','','',0),('fribble pantyhose','new_user','','',0),('monthly carp','new_user','','',0),('chainless apparatus','new_user','','',0),('centred card','new_user','','',0),('scarcest toe','new_user','','',0),('rotted dragonfly','new_user','','',0),('sleety donald','new_user','','',0),('unsucked siamese','new_user','','',0),('ungowned playground','new_user','','',0),('produced study','new_user','','',0),('picked distribution','new_user','','',0),('constrained seed','new_user','','',0),('spherelike lycra','new_user','','',0),('hungry bowl','new_user','','',0),('sottish distance','new_user','','',0),('klutzy quartz','new_user','','',0),('ungauged robert','new_user','','',0),('conjoint organ','new_user','','',0),('anxious mountain','new_user','','',0),('choky battle','new_user','','',0),('hoven record','new_user','','',0),('snakelike forehead','new_user','','',0),('scleroid action','new_user','','',0),('presumed vacuum','new_user','','',0),('tenor syrup','new_user','','',0),('miry crib','new_user','','',0),('downright employee','new_user','','',0),('homeward sweater','new_user','','',0),('babbling lily','new_user','','',0),('crownless knight','new_user','','',0),('itching pamphlet','new_user','','',0),('blinking gender','new_user','','',0),('sunken metal','new_user','','',0),('sincere bestseller','new_user','','',0),('pappose sky','new_user','','',0),('surprised stomach','new_user','','',0),('nasty columnist','new_user','','',0),('funded gander','new_user','','',0),('silenced march','new_user','','',0),('gimcrack ticket','new_user','','',0),('tactile cuticle','new_user','','',0),('frontier beer','new_user','','',0),('fugal manx','new_user','','',0),('released dad','new_user','','',0),('doltish brown','new_user','','',0),('smeary avenue','new_user','','',0),('czarist height','new_user','','',0),('lithoid basin','new_user','','',0),('filial cymbal','new_user','','',0),('unwarned headline','new_user','','',0),('ocher gladiolus','new_user','','',0),('frozen grouse','new_user','','',0),('uncapped satin','new_user','','',0),('pinpoint sagittarius','new_user','','',0),('pending icicle','new_user','','',0),('desert dime','new_user','','',0),('scarcest church','new_user','','',0),('shaken acrylic','new_user','','',0),('mopy ant','new_user','','',0),('brute feast','new_user','','',0),('sludgy hallway','new_user','','',0),('thirdstream ant','new_user','','',0),('pocky maid','new_user','','',0),('askance arch','new_user','','',0),('unreaped michelle','new_user','','',0),('makeshift sheep','new_user','','',0),('cleanly button','new_user','','',0),('guardless answer','new_user','','',0),('pockmarked cloth','new_user','','',0),('trodden t-shirt','new_user','','',0),('slangy dahlia','new_user','','',0),('artless burn','new_user','','',0),('sparing transmission','new_user','','',0),('frizzy ash','new_user','','',0),('adunc kite','new_user','','',0),('lambdoid slime','new_user','','',0),('clamant swordfish','new_user','','',0),('pillared inventory','new_user','','',0),('inwrought invoice','new_user','','',0),('uncalled arithmetic','new_user','','',0),('remiss swallow','new_user','','',0),('horrent peanut','new_user','','',0),('aurous squash','new_user','','',0),('slinky octagon','new_user','','',0),('clockwise rhythm','new_user','','',0),('gamy knife','new_user','','',0),('broomy mole','new_user','','',0),('gabled mark','new_user','','',0),('muckle clam','new_user','','',0),('shoreward barometer','new_user','','',0),('unsailed seal','new_user','','',0),('cordial recorder','new_user','','',0),('giggly top','new_user','','',0),('luckless horse','new_user','','',0),('record latex','new_user','','',0),('rousing aftershave','new_user','','',0),('hollow stew','new_user','','',0),('immense australian','new_user','','',0),('repent lynx','new_user','','',0),('uncaused swordfish','new_user','','',0),('superb jury','new_user','','',0),('uphill kenya','new_user','','',0),('infirm repair','new_user','','',0),('untoned beech','new_user','','',0),('smileless fiber','new_user','','',0),('mellow otter','new_user','','',0),('idled rose','new_user','','',0),('raunchy dryer','new_user','','',0),('thenar lion','new_user','','',0),('beaded dietician','new_user','','',0),('weer buffet','new_user','','',0),('triter pantyhose','new_user','','',0),('caudate geranium','new_user','','',0),('marish digestion','new_user','','',0),('fictive orchestra','new_user','','',0),('printless mayonnaise','new_user','','',0),('goodish direction','new_user','','',0),('gainful distributor','new_user','','',0),('knaggy sense','new_user','','',0),('uncleansed ex-wife','new_user','','',0),('defiled bassoon','new_user','','',0),('breezeless teller','new_user','','',0),('cordless chime','new_user','','',0),('engorged february','new_user','','',0),('aching tulip','new_user','','',0),('lucent perfume','new_user','','',0),('blended parent','new_user','','',0),('plumaged parcel','new_user','','',0),('brutish parrot','new_user','','',0),('afoot ski','new_user','','',0),('boastless wallaby','new_user','','',0),('gorsy cellar','new_user','','',0),('hardback mercury','new_user','','',0),('rayless crayfish','new_user','','',0),('notour baby','new_user','','',0),('submiss thistle','new_user','','',0),('trustless garden','new_user','','',0),('spheric shark','new_user','','',0),('whorish port','new_user','','',0),('couthie date','new_user','','',0),('lucent circle','new_user','','',0),('splurgy leather','new_user','','',0),('essive mail','new_user','','',0),('queasy leather','new_user','','',0),('immersed sausage','new_user','','',0),('centric taxi','new_user','','',0),('homey zipper','new_user','','',0),('adjunct gear','new_user','','',0),('sissy ceiling','new_user','','',0),('squeamish curler','new_user','','',0),('southward english','new_user','','',0),('solvent garden','new_user','','',0),('squiffy health','new_user','','',0),('bumptious caravan','new_user','','',0),('sincere branch','new_user','','',0),('western hub','new_user','','',0),('fructed rayon','new_user','','',0),('unfed crop','new_user','','',0),('mustached garlic','new_user','','',0),('forspent design','new_user','','',0),('columned touch','new_user','','',0),('piebald dinosaur','new_user','','',0),('wreckful turtle','new_user','','',0),('notal broker','new_user','','',0),('shoddy salesman','new_user','','',0),('primate head','new_user','','',0),('chasmal condor','new_user','','',0),('afraid cheetah','new_user','','',0),('paly paul','new_user','','',0),('headstrong ring','new_user','','',0),('undug committee','new_user','','',0),('defiled liver','new_user','','',0),('nervine trouble','new_user','','',0),('cervine stove','new_user','','',0),('brushless banker','new_user','','',0),('dingy self','new_user','','',0),('undrilled decimal','new_user','','',0),('gammy lake','new_user','','',0),('heartsome kenneth','new_user','','',0),('ugsome india','new_user','','',0),('beastlike burn','new_user','','',0),('dorty myanmar','new_user','','',0),('mythic karen','new_user','','',0),('prayerless siberian','new_user','','',0),('weeny basketball','new_user','','',0),('foolish step-uncle','new_user','','',0),('lustral bull','new_user','','',0),('crustless farm','new_user','','',0),('glenoid Santa','new_user','','',0),('maungy speedboat','new_user','','',0),('spunky court','new_user','','',0),('ninefold seashore','new_user','','',0),('mature crab','new_user','','',0),('afloat composition','new_user','','',0),('gangling revolve','new_user','','',0),('surly bathroom','new_user','','',0),('released tomato','new_user','','',0),('unstamped fireman','new_user','','',0),('bootleg group','new_user','','',0),('lyric playground','new_user','','',0),('hammered shame','new_user','','',0),('coated act','new_user','','',0),('throbless money','new_user','','',0),('yonder birth','new_user','','',0),('sonant dungeon','new_user','','',0),('smashing armchair','new_user','','',0),('mobbish surgeon','new_user','','',0),('knuckly aquarius','new_user','','',0),('runty oxygen','new_user','','',0),('lenten cylinder','new_user','','',0),('abroad barometer','new_user','','',0),('rueful fact','new_user','','',0),('expert swallow','new_user','','',0),('starring rhinoceros','new_user','','',0),('swordlike wilderness','new_user','','',0),('divorced competition','new_user','','',0),('rightward biplane','new_user','','',0),('rompish dahlia','new_user','','',0),('finny broker','new_user','','',0),('joyful router','new_user','','',0),('snooty consonant','new_user','','',0),('fictile success','new_user','','',0),('carlish encyclopedia','new_user','','',0),('moonstruck deodorant','new_user','','',0),('ribald accountant','new_user','','',0),('guileless timbale','new_user','','',0),('blushless spy','new_user','','',0),('sarcoid bankbook','new_user','','',0),('infelt feast','new_user','','',0),('earthward tom-tom','new_user','','',0),('driest commission','new_user','','',0),('ducal windscreen','new_user','','',0),('noxious pantry','new_user','','',0),('fatal bronze','new_user','','',0),('clogging english','new_user','','',0),('cliffy paul','new_user','','',0),('streamless ash','new_user','','',0),('tasteful butane','new_user','','',0),('poorly kite','new_user','','',0),('bodied root','new_user','','',0),('snowlike ornament','new_user','','',0),('mitered streetcar','new_user','','',0),('choky experience','new_user','','',0),('uncleaned cannon','new_user','','',0),('glial editorial','new_user','','',0),('homebound eight','new_user','','',0),('unwashed glider','new_user','','',0),('flightless barge','new_user','','',0),('lambent laugh','new_user','','',0),('pretend alto','new_user','','',0),('ashen beaver','new_user','','',0),('fiercest religion','new_user','','',0),('agnate tenor','new_user','','',0),('mangey march','new_user','','',0),('sourish cold','new_user','','',0),('placeless save','new_user','','',0),('effluent particle','new_user','','',0),('scratchy fridge','new_user','','',0),('spotty shrimp','new_user','','',0),('softish push','new_user','','',0),('touchy vision','new_user','','',0),('bearish relation','new_user','','',0),('fugal plow','new_user','','',0),('lambent buffer','new_user','','',0),('ratlike ruth','new_user','','',0),('peltate mercury','new_user','','',0),('draughty kale','new_user','','',0),('unpent jam','new_user','','',0),('reddish flower','new_user','','',0),('crinose cartoon','new_user','','',0),('galling pheasant','new_user','','',0),('subfusc snowstorm','new_user','','',0),('heartsome printer','new_user','','',0),('unwarped diamond','new_user','','',0),('perky timer','new_user','','',0),('thallic alley','new_user','','',0),('bustled brick','new_user','','',0),('pyknic valley','new_user','','',0),('dizzied billboard','new_user','','',0),('crawling thailand','new_user','','',0),('unaimed minute','new_user','','',0),('diseased car','new_user','','',0),('pricy weather','new_user','','',0),('wispy mexico','new_user','','',0),('puny bathroom','new_user','','',0),('cissy gore-tex','new_user','','',0),('glassy vibraphone','new_user','','',0),('uncleared cushion','new_user','','',0),('serrate size','new_user','','',0),('benthic knight','new_user','','',0),('utile macaroni','new_user','','',0),('tabu bangle','new_user','','',0),('giddied iraq','new_user','','',0),('waxing cork','new_user','','',0),('stormbound story','new_user','','',0),('weary minister','new_user','','',0),('feathered font','new_user','','',0),('strutting hood','new_user','','',0),('lissome tuba','new_user','','',0),('freebie dipstick','new_user','','',0),('oblong camp','new_user','','',0),('exchanged corn','new_user','','',0),('softish puppy','new_user','','',0),('stressful lyric','new_user','','',0),('attached girdle','new_user','','',0),('unowned drink','new_user','','',0),('kacha bird','new_user','','',0);
/*!40000 ALTER TABLE `events` ENABLE KEYS */;
UNLOCK TABLES;

--
-- Table structure for table `settings`
--

DROP TABLE IF EXISTS `settings`;
/*!40101 SET @saved_cs_client     = @@character_set_client */;
/*!40101 SET character_set_client = utf8 */;
CREATE TABLE `settings` (
  `username` varchar(20) DEFAULT NULL,
  `setting_name` text,
  `val_str` text,
  `val_real` double DEFAULT NULL,
  `is_sens` double DEFAULT NULL
) ENGINE=InnoDB DEFAULT CHARSET=utf8;
/*!40101 SET character_set_client = @saved_cs_client */;

--
-- Dumping data for table `settings`
--

LOCK TABLES `settings` WRITE;
/*!40000 ALTER TABLE `settings` DISABLE KEYS */;
INSERT INTO `settings` VALUES ('Kyle','Full-Screen','No',-69,NULL),('Kyle','Violent Content','On',-69,NULL),('Titdickass','Full-Screen','Yes',-69,NULL),('John Doe','Full-Screen','Yes',-69,NULL),('Blah','Violent Content','Off',-69,NULL),('Blah','Full-Screen','No',-69,NULL),('Titties','Violent Content','On',-69,NULL),('Scatonmysonstits','Violent Content','On',-69,NULL),('Dickinmynephewsass','Violent Content','On',-69,NULL),('Titties','Full-Screen','No',-69,NULL),('Total N00bcall','Violent Content','Off',-69,NULL),('Total N00bcall','Full-Screen','No',-69,NULL),('Dickingthedog','Violent Content','On',-69,NULL),('Ricky','Full-Screen','No',-69,NULL),('Bubbles','Full-Screen','No',-69,NULL),('Kyle','SWF Anti-Aliasing','',1,NULL),('Arsehunter69','Violent Content','On',-69,NULL),('@$$','Violent Content','On',-69,NULL),('@$$','Chat Feed Size','',0.55,NULL),('@$$','Particle Effects','On',-69,NULL),('@$$','Optimize For: ','Graphics',-69,NULL),('@$$','SWF Anti-Aliasing','',1,NULL),('@$$','Ragdoll Physics','On',-69,NULL),('@$$','Surface Effects','Off',-69,NULL),('Duke Silver','Violent Content','On',-69,NULL),('Duke Silver','Full-Screen','No',-69,NULL),('@$$','Full-Screen','No',-69,NULL),('Kyle','Ragdoll Physics','On',-69,NULL),('Bitchtits','Violent Content','On',-69,NULL),('Sex Redneck Burglar','Violent Content','On',-69,NULL),('@ss','Violent Content','On',-69,NULL),('Bitchtits','Full-Screen','Yes',-69,NULL),('@ss','Full-Screen','Yes',-69,NULL),('@ss','Show Kill Feed','Never',-69,NULL),('Sex Redneck Burglar','Full-Screen','Yes',-69,NULL),('Sex Tapir','Violent Content','On',-69,NULL),('Sex Tapir','Full-Screen','Yes',-69,NULL),('Dickingthedog','Full-Screen','Yes',-69,NULL),('Kyle','Particle Effects','On',-69,NULL),('Kyle','Surface Effects','On',-69,NULL),('Kyle','Optimize For: ','Graphics',-69,NULL),('Kyle','V-Sync','Off',-69,NULL),('@$$','V-Sync','On',-69,NULL);
/*!40000 ALTER TABLE `settings` ENABLE KEYS */;
UNLOCK TABLES;

--
-- Table structure for table `stats`
--

DROP TABLE IF EXISTS `stats`;
/*!40101 SET @saved_cs_client     = @@character_set_client */;
/*!40101 SET character_set_client = utf8 */;
CREATE TABLE `stats` (
  `username` varchar(20) DEFAULT NULL,
  `rank` double DEFAULT NULL,
  `true_skill` double DEFAULT NULL,
  `xp` double DEFAULT NULL,
  `ppl` double DEFAULT NULL,
  `kdr` double DEFAULT NULL,
  `wl` double DEFAULT NULL,
  `time` double DEFAULT NULL,
  `points` double DEFAULT NULL,
  `kills` double DEFAULT NULL,
  `deaths` double DEFAULT NULL,
  `assists` double DEFAULT NULL,
  `wins` double DEFAULT NULL,
  `losses` double DEFAULT NULL,
  `kill_streak` double DEFAULT NULL,
  `win_streak` double DEFAULT NULL,
  `rollover_kstreak` double DEFAULT NULL,
  `rollover_wstreak` double DEFAULT NULL,
  `global_rank` double DEFAULT NULL,
  `kdr_history` text,
  `ppl_history` text,
  `win_history` text
) ENGINE=InnoDB DEFAULT CHARSET=utf8;
/*!40101 SET character_set_client = @saved_cs_client */;

--
-- Dumping data for table `stats`
--

LOCK TABLES `stats` WRITE;
/*!40000 ALTER TABLE `stats` DISABLE KEYS */;
INSERT INTO `stats` VALUES ('Kyle',22,149,226184,206,1.72,1.78,108262896,90270,754,439,88,57,32,10,22,0,4,4,'14,3.25,1.89,4.33,0.50,1,2,1.33,0.80,2.14,1.33,1.22,2,2.17,0.80,1.67,2.22,3,2.12,1.33,4.33,3.67,14,1.60,2,2.83,1.20,3,0.80,3.75,1.50,2.14,2,1.67,5,1.67,0,1.88,3.20,3.33,1.40,1.50,4.67,2.75,1.33,1,1.60,3,7,5,6,0,1,4,2.50,1.25,5,0.30,2,1,4,0,0,0,0,3,0,0,1.88,0.67,0,0,1,1.11,0.90,1.17,3.75,1,0,0.25,0.56,0.12,0,','1585,371,219,492,56,132,216,158,88,246,162,177,284,260,132,180,256,392,261,153,507,418,1750,261,225,318,142,347,92,421,163,265,225,188,607,211,0,233,359,405,181,200,592,369,162,117,215,328,925,725,660,0,215,450,295,163,585,36,210,110,645,0,0,0,0,310,0,0,217,78,0,0,109,125,138,136,408,133,0,43,80,31,0,','24,23,22,21,22,23,22,21,22,21,20,19,18,19,20,19,18,17,16,17,16,15,14,13,12,11,10,9,10,9,10,9,8,7,6,5,6,5,4,3,2,1,2,1,0,1,0,-1,-2,-3,-4,-5,-4,-5,-6,-7,-8,-7,-6,-5,-4,-5,-4,-3,-2,-3,-2,-3,-4,-3,-2,-1,0,-1,0,1,0,1,2,3,4,5,0,'),('Ricky',17,308,78645,3899,9.4,0.92,91382584,58490,141,15,0,34,37,0,5,0,2,2,'0.44,1,0.90,0.60,0.40,0.75,1.29,0.56,0.56,3,3,6,1,1.22,0.45,2,0.19,0.37,0.25,0.50,0.70,0.20,3.33,1.67,1.36,1.50,1.07,1.17,2.50,0,1.75,2.50,1,0.83,1.25,2.67,1.17,0.67,1,2,0.75,0,0.25,2.25,0.42,0,0,0,0,0,1.25,1.07,0.58,0.41,0.62,0.56,1.15,0.83,1.36,0.70,0.15,1,0.36,0.33,1.20,1.25,3.75,10,','75,225,98,94,52,86,141,58,67,380,369,642,200,147,69,293,34,71,25,78,72,20,340,187,159,188,158,151,289,0,255,259,120,107,140,290,143,93,132,285,100,12,38,238,55,0,0,0,0,0,165,134,79,57,70,72,145,110,155,78,39,109,61,125,166,154,452,1110,','-4,-5,-4,-3,-2,-1,-2,-1,0,-1,-2,-3,-4,-3,-2,-3,-2,-1,0,1,2,3,2,1,0,-1,-2,-1,-2,-3,-4,-5,-6,-5,-4,-5,-4,-3,-2,-3,-4,-3,-2,-1,0,1,0,-1,-2,-1,-2,-3,-2,-1,0,1,0,1,0,1,2,1,2,1,2,3,2,0,'),('Bubbles',9,90,23841,1016,4.57,0.38,19568988,14225,64,14,0,5,13,0,2,1,1,6,'1.50,0.38,0.22,0.40,0.67,0.77,0.57,0.20,0.40,0.40,1,0,0,15,0.77,0.85,1,0.78,','161,47,44,44,110,119,103,30,102,94,112,0,0,1870,120,127,118,118,','-9,-8,-7,-6,-5,-6,-5,-4,-3,-4,-5,-4,-3,-4,-3,-2,-1,0,'),('Julian',8,83,18518,355,1.97,0.91,9782577,13855,77,39,6,10,11,1,4,0,1,7,'0,0,0.67,0.67,0.17,3,1,3,0.45,1.88,2.50,1.43,1.88,2.14,2.50,1.88,','0,45,87,100,17,300,110,300,82,232,352,181,204,274,299,209,','-2,-1,0,-1,0,1,0,-1,0,-1,-2,-1,3,2,1,0,'),('Marcel',5,2,4932,31,0.28,0,4185932,2150,19,69,12,0,5,0,0,0,0,16,'0,0.33,0.47,0.25,0.40,','0,72,61,30,48,','-4,-3,-2,-1,0,'),('Titdickass',1,0,1485,18,0.11,0,1115213,475,3,27,14,0,3,0,0,0,0,19,'0.11,0.10,0.12,','94,20,28,','-2,-1,0,'),('Blah',6,63,7367,1458,2.6,0.2,4618463,7290,13,5,0,1,5,2,1,0,0,11,'0.67,1.67,0.93,0.33,1.38,3.33,','109,201,115,51,168,403,','-3,-4,-3,-2,-1,0,'),('Titties',9,265,21994,3843,7.8,0.36,58202024,19215,39,5,0,9,25,7,2,0,1,3,'1.20,0.33,0.50,0.45,1.80,1.75,1,0.30,0.20,0.67,0.40,0.45,0.25,0.25,0.30,0.58,0.30,0.23,0.55,0.09,0.18,0,0.25,0,0.09,0.25,0.09,0.27,0,0.91,1.25,0.62,1.67,1.40,','152,42,60,55,209,225,123,44,31,73,72,68,28,28,42,75,42,55,76,18,25,5,38,4,44,40,33,35,0,104,145,74,201,172,','-17,-16,-15,-14,-15,-16,-15,-14,-13,-12,-13,-12,-11,-12,-11,-10,-9,-10,-9,-8,-7,-6,-5,-4,-3,-2,-1,0,-1,0,-1,0,-1,0,'),('Scatonmysonstits',1,7,1300,58,0.5,1,258047,350,3,6,1,1,0,1,1,0,1,15,'0.50,','67,','0,'),('Dickinmynephewsass',6,2,8887,58,0.5,0,2821638,2440,21,42,25,0,4,0,0,0,0,16,'0.64,0.64,0.71,0.15,','115,104,112,38,','-3,-2,-1,0,'),('Total N00bcall',6,400,8763,3635,11,2.74,11843923,7270,22,2,0,52,19,7,4,0,0,1,'0.27,0.22,0.30,0.33,0.20,0.42,0.29,0.55,0.42,0,0.22,1.50,1,2,1.88,','38,52,30,37,27,59,48,70,45,0,27,188,110,250,211,','34,35,34,35,36,37,36,37,38,39,40,3,2,1,0,'),('Dickingthedog',10,60,25532,123,1.05,0.75,12699088,12375,106,101,30,6,8,0,3,0,0,12,'0.33,2.33,1.33,1.40,5.50,0.75,0.64,1.20,4,1,0.77,1.10,0,0.25,','37,348,173,165,690,139,77,136,477,155,110,122,0,46,','-1,-2,-1,-2,-3,-4,-3,-2,-3,-4,-3,-2,-1,0,'),('Arsehunter69',3,2,3005,193,1.33,0,366226,1740,12,9,4,0,1,0,0,0,0,16,'1.33,','216,','0,'),('@$$',20,65,146343,103,0.86,0.53,89489536,61125,511,596,104,24,45,7,4,0,2,10,'0,2.75,1,1,2.33,2.25,0.30,0.50,0.62,0.70,1.40,3.67,1.67,1.50,0.50,0.40,1.56,0.38,0.33,1,3.75,0.75,0.76,0.27,0.82,2,1.25,8,2.25,1.14,1,1.50,5,4,0.46,0.56,0.54,0.64,0.67,0.67,0,0.83,0.80,0.50,0.80,0.57,8,0.71,0.83,4,0.30,0.55,1.11,0.71,0.55,1.27,0.25,0.62,0.62,0.39,0.60,0.57,1.14,0.88,0.75,0.67,0.36,0,2.50,','0,299,126,125,298,290,34,68,88,80,174,405,190,170,82,70,185,42,75,138,456,109,83,30,96,256,231,1225,330,164,105,288,775,600,76,86,66,89,113,117,0,96,85,60,95,71,885,77,83,420,50,71,133,97,83,144,31,78,94,44,65,68,156,110,97,86,77,0,328,','-22,-23,-22,-23,-24,-25,-24,-23,-22,-21,-22,-23,-24,-25,-24,-23,-22,-21,-20,-19,-20,-19,-18,-17,-16,-17,-16,-17,-18,-19,-18,-19,-20,-21,-20,-19,-18,-17,-16,-15,-14,-15,-14,-15,-14,-13,-14,-13,-12,-13,-14,-13,-12,-11,-10,-9,-8,-7,-6,-5,-4,-3,-2,-1,0,1,2,1,0,'),('Duke Silver',19,112,103942,177,1.4,1.35,39007512,42485,336,240,52,23,17,6,5,1,2,5,'1.33,1.14,0.55,0.90,1.12,0.36,0.43,0.88,1,0.79,0.71,1,0.27,0,1.25,1,1.75,2,1.75,0,2.33,4,6,3,0.50,1.08,3,1.88,2.50,1.88,1.17,3.75,1.18,2.50,1.67,1.67,1.88,2.14,0,0.33,','177,130,73,104,150,42,46,128,122,111,95,120,34,0,155,110,205,211,206,0,280,420,745,396,72,153,356,195,314,227,135,494,145,292,191,196,201,317,0,35,','5,4,5,6,5,6,7,8,9,10,11,10,11,12,11,10,9,8,7,8,7,6,5,4,5,6,5,4,3,2,3,2,3,2,1,0,-1,-2,-1,0,'),('Bitchtits',7,71,10779,21,0.16,0.12,40783488,2580,19,121,6,2,16,3,1,0,0,9,'0.29,0.67,0.10,0,0.14,0.33,0.20,0,0.17,0,0,0,0,0,0,0,0.10,0,','39,104,12,0,28,39,30,0,29,0,0,0,0,0,0,0,10,0,','-13,-14,-13,-14,-13,-12,-11,-10,-9,-8,-7,-6,-5,-4,-3,-2,-1,0,'),('Sex Redneck Burglar',8,82,17147,126,1.08,1.12,19584738,8930,77,71,5,9,8,0,5,1,2,8,'0.58,0.58,4,0.33,1.40,1.50,1.50,0.77,1.33,0.50,0.20,0,0,0,0,10,10,','62,62,443,39,165,188,188,100,175,50,20,40,0,0,0,1100,1275,','1,1,0,1,2,3,2,3,2,3,4,5,4,3,2,1,0,'),('@ss',5,28,5454,195,1.6,2,851069,1950,16,10,2,2,0,1,2,0,2,13,'2,1.71,','275,218,','1,0,'),('Sex Tapir',9,27,21027,70,0.58,0.3,16076464,10265,85,147,31,3,10,0,2,0,0,14,'0.25,0.50,1,0.28,0.69,1,0.61,0.27,0.60,0.33,5,0.58,0.91,','36,58,138,48,108,115,77,28,76,90,645,90,119,','-6,-5,-4,-3,-2,-3,-2,-1,0,-1,-2,-1,0,'),('unowned drink',0,0,0,0,0,0,0,0,0,0,0,0,0,0,0,0,0,19,'0','0','0'),('kacha bird',0,0,0,0,0,0,0,0,0,0,0,0,0,0,0,0,0,19,'0','0','0');
/*!40000 ALTER TABLE `stats` ENABLE KEYS */;
UNLOCK TABLES;

--
-- Table structure for table `users`
--

DROP TABLE IF EXISTS `users`;
/*!40101 SET @saved_cs_client     = @@character_set_client */;
/*!40101 SET character_set_client = utf8 */;
CREATE TABLE `users` (
  `username` varchar(20) DEFAULT NULL,
  `password` varchar(32) DEFAULT NULL,
  `hat0` text,
  `helmet0` text,
  `torso0` text,
  `shoulder0` text,
  `forearm0` text,
  `leg0` text,
  `shin0` text,
  `foot0` text,
  `prop0` text,
  `hat1` text,
  `helmet1` text,
  `torso1` text,
  `shoulder1` text,
  `forearm1` text,
  `leg1` text,
  `shin1` text,
  `foot1` text,
  `prop1` text,
  `hat2` text,
  `helmet2` text,
  `torso2` text,
  `shoulder2` text,
  `forearm2` text,
  `leg2` text,
  `shin2` text,
  `foot2` text,
  `prop2` text,
  `hat3` text,
  `helmet3` text,
  `torso3` text,
  `shoulder3` text,
  `forearm3` text,
  `leg3` text,
  `shin3` text,
  `foot3` text,
  `prop3` text,
  `hat4` text,
  `helmet4` text,
  `torso4` text,
  `shoulder4` text,
  `forearm4` text,
  `leg4` text,
  `shin4` text,
  `foot4` text,
  `prop4` text,
  `hat5` text,
  `helmet5` text,
  `torso5` text,
  `shoulder5` text,
  `forearm5` text,
  `leg5` text,
  `shin5` text,
  `foot5` text,
  `prop5` text,
  `hat6` text,
  `helmet6` text,
  `torso6` text,
  `shoulder6` text,
  `forearm6` text,
  `leg6` text,
  `shin6` text,
  `foot6` text,
  `prop6` text,
  `hat7` text,
  `helmet7` text,
  `torso7` text,
  `shoulder7` text,
  `forearm7` text,
  `leg7` text,
  `shin7` text,
  `foot7` text,
  `prop7` text,
  `hat8` text,
  `helmet8` text,
  `torso8` text,
  `shoulder8` text,
  `forearm8` text,
  `leg8` text,
  `shin8` text,
  `foot8` text,
  `prop8` text,
  `hat9` text,
  `helmet9` text,
  `torso9` text,
  `shoulder9` text,
  `forearm9` text,
  `leg9` text,
  `shin9` text,
  `foot9` text,
  `prop9` text,
  `hat10` text,
  `helmet10` text,
  `torso10` text,
  `shoulder10` text,
  `forearm10` text,
  `leg10` text,
  `shin10` text,
  `foot10` text,
  `prop10` text,
  `hat11` text,
  `helmet11` text,
  `torso11` text,
  `shoulder11` text,
  `forearm11` text,
  `leg11` text,
  `shin11` text,
  `foot11` text,
  `prop11` text,
  `hat12` text,
  `helmet12` text,
  `torso12` text,
  `shoulder12` text,
  `forearm12` text,
  `leg12` text,
  `shin12` text,
  `foot12` text,
  `prop12` text,
  `hat13` text,
  `helmet13` text,
  `torso13` text,
  `shoulder13` text,
  `forearm13` text,
  `leg13` text,
  `shin13` text,
  `foot13` text,
  `prop13` text,
  `hat14` text,
  `helmet14` text,
  `torso14` text,
  `shoulder14` text,
  `forearm14` text,
  `leg14` text,
  `shin14` text,
  `foot14` text,
  `prop14` text,
  `hat15` text,
  `helmet15` text,
  `torso15` text,
  `shoulder15` text,
  `forearm15` text,
  `leg15` text,
  `shin15` text,
  `foot15` text,
  `prop15` text,
  `hat16` text,
  `helmet16` text,
  `torso16` text,
  `shoulder16` text,
  `forearm16` text,
  `leg16` text,
  `shin16` text,
  `foot16` text,
  `prop16` text,
  `hat17` text,
  `helmet17` text,
  `torso17` text,
  `shoulder17` text,
  `forearm17` text,
  `leg17` text,
  `shin17` text,
  `foot17` text,
  `prop17` text,
  `hat18` text,
  `helmet18` text,
  `torso18` text,
  `shoulder18` text,
  `forearm18` text,
  `leg18` text,
  `shin18` text,
  `foot18` text,
  `prop18` text,
  `hat19` text,
  `helmet19` text,
  `torso19` text,
  `shoulder19` text,
  `forearm19` text,
  `leg19` text,
  `shin19` text,
  `foot19` text,
  `prop19` text,
  `hat20` text,
  `helmet20` text,
  `torso20` text,
  `shoulder20` text,
  `forearm20` text,
  `leg20` text,
  `shin20` text,
  `foot20` text,
  `prop20` text,
  `hat21` text,
  `helmet21` text,
  `torso21` text,
  `shoulder21` text,
  `forearm21` text,
  `leg21` text,
  `shin21` text,
  `foot21` text,
  `prop21` text,
  `hat22` text,
  `helmet22` text,
  `torso22` text,
  `shoulder22` text,
  `forearm22` text,
  `leg22` text,
  `shin22` text,
  `foot22` text,
  `prop22` text,
  `hat23` text,
  `helmet23` text,
  `torso23` text,
  `shoulder23` text,
  `forearm23` text,
  `leg23` text,
  `shin23` text,
  `foot23` text,
  `prop23` text,
  `hat24` text,
  `helmet24` text,
  `torso24` text,
  `shoulder24` text,
  `forearm24` text,
  `leg24` text,
  `shin24` text,
  `foot24` text,
  `prop24` text,
  `cache` text
) ENGINE=InnoDB DEFAULT CHARSET=utf8;
/*!40101 SET character_set_client = @saved_cs_client */;

--
-- Dumping data for table `users`
--

LOCK TABLES `users` WRITE;
/*!40000 ALTER TABLE `users` DISABLE KEYS */;
INSERT INTO `users` VALUES ('Kyle','e7f0091c12ac7436212046ba9b2d5c87','0145_Armor Lottery','0236_Challenge','0253_Armor Lottery','0159_Armor Lottery','0080_Armor Lottery','0219_Armor Lottery','0220_Armor Lottery','0096_Armor Lottery','0277_Armor Lottery','0140_Armor Lottery','0042_Armor Lottery','0063_Armor Lottery','0237_Armor Lottery','0176_Armor Lottery','0191_Armor Lottery','0083_Armor Lottery','0156_Armor Lottery','0282_Armor Lottery','0134_Armor Lottery','0208_Armor Lottery','0112_Armor Lottery','0195_Armor Lottery','0196_Armor Lottery','0178_Armor Lottery','0152_Armor Lottery','0228_Armor Lottery','0281_Armor Lottery','0137_Armor Lottery','0024_Armor Lottery','0076_Armor Lottery','0230_Armor Lottery','0166_Armor Lottery','0226_Armor Lottery','0199_Armor Lottery','0060_Armor Lottery','0289_Armor Lottery','0132_Armor Lottery','0257_Armor Lottery','0069_Armor Lottery','0182_Armor Lottery','0049_Armor Lottery','0154_Armor Lottery','0234_Armor Lottery','0263_Armor Lottery','0280_Armor Lottery','0135_Armor Lottery','0174_Armor Lottery','0190_Armor Lottery','0175_Armor Lottery','0053_Armor Lottery','0151_Armor Lottery','0262_Armor Lottery','0067_Armor Lottery','0270_Armor Lottery','0144_Armor Lottery','0057_Armor Lottery','0098_Armor Lottery','0216_Armor Lottery','0148_Armor Lottery','0121_Armor Lottery','0255_Armor Lottery','0186_Armor Lottery','0268_Armor Lottery','0131_Armor Lottery','0085_Armor Lottery','0117_Armor Lottery','0223_Armor Lottery','0051_Armor Lottery','0233_Armor Lottery','0089_Armor Lottery','0256_Armor Lottery','0284_Armor Lottery','0141_Armor Lottery','0160_Armor Lottery','0126_Armor Lottery','0087_Armor Lottery','0245_Armor Lottery','0205_Armor Lottery','0068_Armor Lottery','0056_Armor Lottery','0291_Armor Lottery','0128_Armor Lottery','0064_Armor Lottery','0246_Armor Lottery','0048_Armor Lottery','0210_Armor Lottery','0212_Armor Lottery','0248_Armor Lottery','0207_Armor Lottery','9999_empty','9999_empty','0167_Armor Lottery','0239_Armor Lottery','0165_Armor Lottery','0252_Armor Lottery','0172_Armor Lottery','0062_Armor Lottery','0164_Armor Lottery','9999_empty','9999_empty','0078_Armor Lottery','0211_Armor Lottery','0097_Armor Lottery','0183_Armor Lottery','0088_Armor Lottery','0192_Armor Lottery','0193_Armor Lottery','9999_empty','9999_empty','0025_Armor Lottery','0177_Armor Lottery','0124_Armor Lottery','0123_Armor Lottery','0240_Armor Lottery','0179_Armor Lottery','0242_Armor Lottery','9999_empty','9999_empty','0021_Armor Lottery','0091_Armor Lottery','0100_Armor Lottery','0259_Armor Lottery','0072_Armor Lottery','0122_Armor Lottery','0125_Armor Lottery','9999_empty','9999_empty','0120_Armor Lottery','0103_Armor Lottery','0059_Armor Lottery','0169_Armor Lottery','0066_Armor Lottery','0173_Armor Lottery','0171_Armor Lottery','9999_empty','9999_empty','0030_Armor Lottery','0170_Challenge','0209_Armor Lottery','0070_Armor Lottery','0105_Armor Lottery','0110_Armor Lottery','0249_Armor Lottery','9999_empty','9999_empty','0035_Armor Lottery','9999_empty','0065_Armor Lottery','0238_Armor Lottery','9999_empty','0115_Armor Lottery','0077_Armor Lottery','9999_empty','9999_empty','0020_Armor Lottery','9999_empty','0168_Challenge','0189_Challenge','9999_empty','0095_Armor Lottery','0119_Armor Lottery','9999_empty','9999_empty','0028_Armor Lottery','9999_empty','0188_Challenge','0052_Armor Lottery','9999_empty','0241_Challenge','0101_Armor Lottery','9999_empty','9999_empty','0044_Armor Lottery','9999_empty','9999_empty','9999_empty','9999_empty','9999_empty','9999_empty','9999_empty','9999_empty','0041_Armor Lottery','9999_empty','9999_empty','9999_empty','9999_empty','9999_empty','9999_empty','9999_empty','9999_empty','0201_Armor Lottery','9999_empty','9999_empty','9999_empty','9999_empty','9999_empty','9999_empty','9999_empty','9999_empty','0099_Armor Lottery','9999_empty','9999_empty','9999_empty','9999_empty','9999_empty','9999_empty','9999_empty','9999_empty','0187_Challenge','9999_empty','9999_empty','9999_empty','9999_empty','9999_empty','9999_empty','9999_empty','9999_empty','0040_Armor Lottery','9999_empty','9999_empty','9999_empty','9999_empty','9999_empty','9999_empty','9999_empty',''),('Ricky','e7f0091c12ac7436212046ba9b2d5c87','0145_Armor Lottery','0046_Armor Lottery','0091_Armor Lottery','0079_Armor Lottery','0080_Armor Lottery','0082_Armor Lottery','0152_Armor Lottery','0090_Armor Lottery','0276_Armor Lottery','0142_Armor Lottery','0027_Armor Lottery','0204_Armor Lottery','0223_Armor Lottery','0074_Armor Lottery','0212_Armor Lottery','0199_Armor Lottery','0054_Armor Lottery','0280_Armor Lottery','0130_Armor Lottery','0085_Armor Lottery','0112_Armor Lottery','0195_Armor Lottery','0123_Armor Lottery','0105_Armor Lottery','0206_Armor Lottery','0186_Armor Lottery','0277_Armor Lottery','0136_Armor Lottery','0024_Armor Lottery','0184_Armor Lottery','0195_Armor Lottery','0050_Armor Lottery','0151_Armor Lottery','0234_Armor Lottery','0156_Armor Lottery','0279_Armor Lottery','0139_Armor Lottery','0222_Armor Lottery','0126_Armor Lottery','0195_Armor Lottery','0050_Armor Lottery','0219_Armor Lottery','0262_Armor Lottery','0221_Armor Lottery','0291_Armor Lottery','0133_Armor Lottery','0064_Armor Lottery','0091_Armor Lottery','0202_Armor Lottery','0245_Armor Lottery','0212_Armor Lottery','0206_Armor Lottery','0207_Armor Lottery','0280_Armor Lottery','0142_Armor Lottery','0042_Armor Lottery','0081_Armor Lottery','0195_Armor Lottery','0123_Armor Lottery','0219_Armor Lottery','0206_Armor Lottery','0054_Armor Lottery','0283_Armor Lottery','0129_Armor Lottery','0153_Armor Lottery','0225_Armor Lottery','0230_Armor Lottery','0123_Armor Lottery','0226_Armor Lottery','0047_Armor Lottery','0171_Armor Lottery','0286_Armor Lottery','0134_Armor Lottery','0041_Armor Lottery','0225_Armor Lottery','0182_Armor Lottery','0093_Armor Lottery','0121_Armor Lottery','0110_Armor Lottery','0186_Armor Lottery','0292_Armor Lottery','0138_Armor Lottery','0181_Armor Lottery','0150_Armor Lottery','0175_Armor Lottery','0086_Armor Lottery','0107_Armor Lottery','0220_Armor Lottery','0060_Armor Lottery','0276_Armor Lottery','0132_Armor Lottery','0033_Armor Lottery','0150_Armor Lottery','0118_Armor Lottery','0231_Armor Lottery','0185_Armor Lottery','0173_Armor Lottery','0242_Armor Lottery','0283_Armor Lottery','0134_Armor Lottery','0039_Armor Lottery','0098_Armor Lottery','0202_Armor Lottery','0238_Armor Lottery','0254_Armor Lottery','0110_Armor Lottery','0067_Armor Lottery','9999_empty','0143_Armor Lottery','0032_Armor Lottery','0150_Armor Lottery','0075_Armor Lottery','0189_Armor Lottery','0191_Armor Lottery','0122_Armor Lottery','0200_Armor Lottery','9999_empty','0136_Armor Lottery','0024_Armor Lottery','0161_Armor Lottery','0237_Armor Lottery','0051_Armor Lottery','0198_Armor Lottery','0073_Armor Lottery','0180_Armor Lottery','9999_empty','0128_Armor Lottery','0236_Armor Lottery','0239_Armor Lottery','0258_Armor Lottery','0231_Armor Lottery','0254_Armor Lottery','0122_Armor Lottery','0056_Armor Lottery','9999_empty','0131_Armor Lottery','0044_Armor Lottery','0103_Armor Lottery','0165_Armor Lottery','0116_Armor Lottery','0154_Armor Lottery','9999_empty','0207_Armor Lottery','9999_empty','0144_Armor Lottery','0120_Armor Lottery','0098_Armor Lottery','0188_Armor Lottery','0252_Armor Lottery','0212_Armor Lottery','9999_empty','0214_Armor Lottery','9999_empty','9999_empty','0027_Armor Lottery','0161_Armor Lottery','0195_Armor Lottery','0169_Armor Lottery','0162_Armor Lottery','9999_empty','0149_Armor Lottery','9999_empty','9999_empty','0034_Armor Lottery','0069_Armor Lottery','0188_Armor Lottery','0058_Armor Lottery','0205_Armor Lottery','9999_empty','0249_Armor Lottery','9999_empty','9999_empty','0040_Armor Lottery','0076_Armor Lottery','0168_Armor Lottery','0224_Armor Lottery','0205_Armor Lottery','9999_empty','0171_Armor Lottery','9999_empty','9999_empty','0035_Armor Lottery','0117_Armor Lottery','0202_Armor Lottery','0252_Armor Lottery','9999_empty','9999_empty','0180_Armor Lottery','9999_empty','9999_empty','0042_Armor Lottery','9999_empty','0109_Armor Lottery','0252_Armor Lottery','9999_empty','9999_empty','0156_Armor Lottery','9999_empty','9999_empty','0208_Armor Lottery','9999_empty','0216_Armor Lottery','0166_Armor Lottery','9999_empty','9999_empty','0084_Armor Lottery','9999_empty','9999_empty','0099_Armor Lottery','9999_empty','0188_Armor Lottery','9999_empty','9999_empty','9999_empty','0111_Armor Lottery','9999_empty','9999_empty','0113_Armor Lottery','9999_empty','0244_Armor Lottery','9999_empty','9999_empty','9999_empty','0084_Armor Lottery','9999_empty',''),('Bubbles','e7f0091c12ac7436212046ba9b2d5c87','0013_youz_disabled','0041_Armor Lottery','0063_Armor Lottery','0195_Armor Lottery','0252_Armor Lottery','0082_Armor Lottery','0199_Armor Lottery','0084_Armor Lottery','0284_Armor Lottery','0128_Armor Lottery','0113_Armor Lottery','0150_Armor Lottery','0079_Armor Lottery','0052_Armor Lottery','0088_Armor Lottery','0173_Armor Lottery','0186_Armor Lottery','0291_Armor Lottery','0129_Armor Lottery','0040_Armor Lottery','0150_Armor Lottery','0159_Armor Lottery','0166_Armor Lottery','0162_Armor Lottery','0047_Armor Lottery','0235_Armor Lottery','0279_Armor Lottery','0131_Armor Lottery','0187_Armor Lottery','0218_Armor Lottery','0223_Armor Lottery','0058_Armor Lottery','0107_Armor Lottery','0234_Armor Lottery','0164_Armor Lottery','0286_Armor Lottery','0128_Armor Lottery','0038_Armor Lottery','0150_Armor Lottery','0209_Armor Lottery','0231_Armor Lottery','0105_Armor Lottery','0241_Armor Lottery','0180_Armor Lottery','0287_Armor Lottery','0145_Armor Lottery','0078_Armor Lottery','0063_Armor Lottery','0237_Armor Lottery','0080_Armor Lottery','0162_Armor Lottery','0102_Armor Lottery','0055_Armor Lottery','0276_Armor Lottery','0140_Armor Lottery','0030_Armor Lottery','0253_Armor Lottery','0216_Armor Lottery','0086_Armor Lottery','0178_Armor Lottery','0102_Armor Lottery','0077_Armor Lottery','0267_Armor Lottery','0127_Armor Lottery','0037_Armor Lottery','0204_Armor Lottery','0182_Armor Lottery','0093_Armor Lottery','0178_Armor Lottery','0083_Armor Lottery','0221_Armor Lottery','0291_Armor Lottery','0140_Armor Lottery','0024_Armor Lottery','0170_Armor Lottery','0195_Armor Lottery','0245_Armor Lottery','0185_Armor Lottery','0047_Armor Lottery','0055_Armor Lottery','0271_Armor Lottery','0145_Armor Lottery','0033_Armor Lottery','0117_Armor Lottery','0118_Armor Lottery','0093_Armor Lottery','0240_Armor Lottery','0163_Armor Lottery','0090_Armor Lottery','0285_Armor Lottery','0127_Armor Lottery','0025_Armor Lottery','0069_Armor Lottery','0188_Armor Lottery','0051_Armor Lottery','0121_Armor Lottery','0152_Armor Lottery','0125_Armor Lottery','0287_Armor Lottery','0138_Armor Lottery','0031_Armor Lottery','0081_Armor Lottery','0258_Armor Lottery','0217_Armor Lottery','0212_Armor Lottery','0213_Armor Lottery','0096_Armor Lottery','9999_empty','0128_Armor Lottery','0031_Armor Lottery','0069_Armor Lottery','0230_Armor Lottery','0108_Armor Lottery','0247_Armor Lottery','0248_Armor Lottery','0186_Armor Lottery','9999_empty','0142_Armor Lottery','0037_Armor Lottery','0112_Armor Lottery','0065_Armor Lottery','0231_Armor Lottery','0094_Armor Lottery','0110_Armor Lottery','0171_Armor Lottery','9999_empty','0141_Armor Lottery','0039_Armor Lottery','0126_Armor Lottery','0195_Armor Lottery','0259_Armor Lottery','0151_Armor Lottery','0115_Armor Lottery','0149_Armor Lottery','9999_empty','9999_empty','0181_Armor Lottery','0253_Armor Lottery','0109_Armor Lottery','0245_Armor Lottery','0233_Armor Lottery','0047_Armor Lottery','0149_Armor Lottery','9999_empty','9999_empty','0215_Armor Lottery','0246_Armor Lottery','0118_Armor Lottery','0217_Armor Lottery','0151_Armor Lottery','0206_Armor Lottery','0221_Armor Lottery','9999_empty','9999_empty','0044_Armor Lottery','0225_Armor Lottery','0237_Armor Lottery','0224_Armor Lottery','0066_Armor Lottery','9999_empty','0056_Armor Lottery','9999_empty','9999_empty','0043_Armor Lottery','0063_Armor Lottery','0124_Armor Lottery','0108_Armor Lottery','0205_Armor Lottery','9999_empty','0090_Armor Lottery','9999_empty','9999_empty','0026_Armor Lottery','0246_Armor Lottery','0048_Armor Lottery','0217_Armor Lottery','9999_empty','9999_empty','0090_Armor Lottery','9999_empty','9999_empty','0022_Armor Lottery','0204_Armor Lottery','0230_Armor Lottery','0093_Armor Lottery','9999_empty','9999_empty','0056_Armor Lottery','9999_empty','9999_empty','0222_Armor Lottery','0190_Armor Lottery','0202_Armor Lottery','0052_Armor Lottery','9999_empty','9999_empty','0221_Armor Lottery','9999_empty','9999_empty','0042_Armor Lottery','0184_Armor Lottery','9999_empty','0217_Armor Lottery','9999_empty','9999_empty','0214_Armor Lottery','9999_empty','9999_empty','0222_Armor Lottery','9999_empty','9999_empty','0224_Armor Lottery','9999_empty','9999_empty','9999_empty','9999_empty','9999_empty','0039_Armor Lottery','9999_empty','9999_empty','0252_Armor Lottery','9999_empty','9999_empty','9999_empty','9999_empty',''),('Julian','e99a18c428cb38d5f260853678922e03','0127_Armor Lottery','0023_Armor Lottery','0260_Armor Lottery','0048_Armor Lottery','0196_Armor Lottery','0066_Armor Lottery','0089_Armor Lottery','0125_Armor Lottery','0277_Armor Lottery','0132_Armor Lottery','0020_Armor Lottery','0170_Armor Lottery','0124_Armor Lottery','0123_Armor Lottery','0061_Armor Lottery','0173_Armor Lottery','0263_Armor Lottery','0270_Armor Lottery','0134_Armor Lottery','0043_Armor Lottery','0069_Armor Lottery','0100_Armor Lottery','0104_Armor Lottery','0185_Armor Lottery','0234_Armor Lottery','0111_Armor Lottery','0282_Armor Lottery','0128_Armor Lottery','0038_Armor Lottery','0103_Armor Lottery','0100_Armor Lottery','0058_Armor Lottery','0162_Armor Lottery','0110_Armor Lottery','0214_Armor Lottery','0290_Armor Lottery','0128_Armor Lottery','0187_Armor Lottery','0197_Armor Lottery','0258_Armor Lottery','0169_Armor Lottery','0162_Armor Lottery','0083_Armor Lottery','0077_Armor Lottery','0285_Armor Lottery','0140_Armor Lottery','0039_Armor Lottery','0184_Armor Lottery','0258_Armor Lottery','0196_Armor Lottery','0240_Armor Lottery','0083_Armor Lottery','0235_Armor Lottery','0289_Armor Lottery','0133_Armor Lottery','0229_Armor Lottery','0076_Armor Lottery','0075_Armor Lottery','0104_Armor Lottery','0162_Armor Lottery','0241_Armor Lottery','0193_Armor Lottery','0275_Armor Lottery','0130_Armor Lottery','0020_Armor Lottery','0190_Armor Lottery','0165_Armor Lottery','0148_Armor Lottery','0205_Armor Lottery','0155_Armor Lottery','0060_Armor Lottery','0283_Armor Lottery','0129_Armor Lottery','0030_Armor Lottery','0260_Armor Lottery','0237_Armor Lottery','0176_Armor Lottery','0172_Armor Lottery','0192_Armor Lottery','0171_Armor Lottery','0284_Armor Lottery','0134_Armor Lottery','0071_Armor Lottery','0117_Armor Lottery','0118_Armor Lottery','0050_Armor Lottery','0066_Armor Lottery','0062_Armor Lottery','0101_Armor Lottery','0275_Armor Lottery','0142_Armor Lottery','0024_Armor Lottery','0211_Armor Lottery','0165_Armor Lottery','0157_Armor Lottery','0226_Armor Lottery','0206_Armor Lottery','0090_Armor Lottery','0273_Armor Lottery','0138_Armor Lottery','0034_Armor Lottery','0081_Armor Lottery','0195_Armor Lottery','0231_Armor Lottery','0088_Armor Lottery','0255_Armor Lottery','0060_Armor Lottery','9999_empty','0134_Armor Lottery','0187_Armor Lottery','0161_Armor Lottery','0097_Armor Lottery','0049_Armor Lottery','0094_Armor Lottery','0192_Armor Lottery','0060_Armor Lottery','9999_empty','0129_Armor Lottery','0030_Armor Lottery','0190_Armor Lottery','0216_Armor Lottery','0245_Armor Lottery','0094_Armor Lottery','0073_Armor Lottery','0090_Armor Lottery','9999_empty','0131_Armor Lottery','0025_Armor Lottery','0184_Armor Lottery','0097_Armor Lottery','0093_Armor Lottery','0191_Armor Lottery','0073_Armor Lottery','0186_Armor Lottery','9999_empty','0136_Armor Lottery','0078_Armor Lottery','0260_Armor Lottery','0216_Armor Lottery','0231_Armor Lottery','0240_Armor Lottery','0110_Armor Lottery','0125_Armor Lottery','9999_empty','9999_empty','0022_Armor Lottery','0091_Armor Lottery','0147_Armor Lottery','0231_Armor Lottery','0114_Armor Lottery','0122_Armor Lottery','0055_Armor Lottery','9999_empty','9999_empty','0045_Armor Lottery','0197_Armor Lottery','0258_Armor Lottery','0245_Armor Lottery','9999_empty','0095_Armor Lottery','0111_Armor Lottery','9999_empty','9999_empty','0208_Armor Lottery','9999_empty','0165_Armor Lottery','0104_Armor Lottery','9999_empty','0199_Armor Lottery','0111_Armor Lottery','9999_empty','9999_empty','0236_Armor Lottery','9999_empty','0087_Armor Lottery','0053_Armor Lottery','9999_empty','0089_Armor Lottery','0221_Armor Lottery','9999_empty','9999_empty','0106_Armor Lottery','9999_empty','0100_Armor Lottery','0157_Armor Lottery','9999_empty','0152_Armor Lottery','0054_Armor Lottery','9999_empty','9999_empty','0038_Armor Lottery','9999_empty','0182_Armor Lottery','0176_Armor Lottery','9999_empty','0227_Armor Lottery','0242_Armor Lottery','9999_empty','9999_empty','0035_Armor Lottery','9999_empty','0202_Armor Lottery','0210_Armor Lottery','9999_empty','0248_Armor Lottery','0054_Armor Lottery','9999_empty','9999_empty','0037_Armor Lottery','9999_empty','0188_Armor Lottery','9999_empty','9999_empty','0234_Armor Lottery','9999_empty','9999_empty','9999_empty','0215_Armor Lottery','9999_empty','0195_Armor Lottery','9999_empty','9999_empty','9999_empty','9999_empty','9999_empty',''),('Marcel','e99a18c428cb38d5f260853678922e03','0013_new-user','0026_Armor Lottery','0203_Armor Lottery','0222_Challenge','0223_Challenge','0225_Challenge','0226_Challenge','0206_Armor Lottery','0017_new-user','9999_empty','0200_Armor Lottery','0224_Challenge','0201_Armor Lottery','0202_Armor Lottery','0204_Armor Lottery','0205_Armor Lottery','0227_Challenge','9999_empty','9999_empty','0242_Armor Lottery','9999_empty','9999_empty','9999_empty','0106_Armor Lottery','9999_empty','9999_empty','9999_empty','9999_empty','0221_Challenge','9999_empty','9999_empty','9999_empty','9999_empty','9999_empty','9999_empty','9999_empty','9999_empty','9999_empty','9999_empty','9999_empty','9999_empty','9999_empty','9999_empty','9999_empty','9999_empty','9999_empty','9999_empty','9999_empty','9999_empty','9999_empty','9999_empty','9999_empty','9999_empty','9999_empty','9999_empty','9999_empty','9999_empty','9999_empty','9999_empty','9999_empty','9999_empty','9999_empty','9999_empty','9999_empty','9999_empty','9999_empty','9999_empty','9999_empty','9999_empty','9999_empty','9999_empty','9999_empty','9999_empty','9999_empty','9999_empty','9999_empty','9999_empty','9999_empty','9999_empty','9999_empty','9999_empty','9999_empty','9999_empty','9999_empty','9999_empty','9999_empty','9999_empty','9999_empty','9999_empty','9999_empty','9999_empty','9999_empty','9999_empty','9999_empty','9999_empty','9999_empty','9999_empty','9999_empty','9999_empty','9999_empty','9999_empty','9999_empty','9999_empty','9999_empty','9999_empty','9999_empty','9999_empty','9999_empty','9999_empty','9999_empty','9999_empty','9999_empty','9999_empty','9999_empty','9999_empty','9999_empty','9999_empty','9999_empty','9999_empty','9999_empty','9999_empty','9999_empty','9999_empty','9999_empty','9999_empty','9999_empty','9999_empty','9999_empty','9999_empty','9999_empty','9999_empty','9999_empty','9999_empty','9999_empty','9999_empty','9999_empty','9999_empty','9999_empty','9999_empty','9999_empty','9999_empty','9999_empty','9999_empty','9999_empty','9999_empty','9999_empty','9999_empty','9999_empty','9999_empty','9999_empty','9999_empty','9999_empty','9999_empty','9999_empty','9999_empty','9999_empty','9999_empty','9999_empty','9999_empty','9999_empty','9999_empty','9999_empty','9999_empty','9999_empty','9999_empty','9999_empty','9999_empty','9999_empty','9999_empty','9999_empty','9999_empty','9999_empty','9999_empty','9999_empty','9999_empty','9999_empty','9999_empty','9999_empty','9999_empty','9999_empty','9999_empty','9999_empty','9999_empty','9999_empty','9999_empty','9999_empty','9999_empty','9999_empty','9999_empty','9999_empty','9999_empty','9999_empty','9999_empty','9999_empty','9999_empty','9999_empty','9999_empty','9999_empty','9999_empty','9999_empty','9999_empty','9999_empty','9999_empty','9999_empty','9999_empty','9999_empty','9999_empty','9999_empty','9999_empty','9999_empty','9999_empty','9999_empty','9999_empty','9999_empty','9999_empty','9999_empty','9999_empty','9999_empty','9999_empty','9999_empty','9999_empty','9999_empty','9999_empty','9999_empty','9999_empty',''),('Titdickass','e99a18c428cb38d5f260853678922e03','0138_Armor Lottery','0105_Armor Lottery','0224_Challenge','0222_Challenge','0209_Armor Lottery','0225_Challenge','0226_Challenge','0227_Challenge','0017_new-user','9999_empty','0221_Challenge','0203_Armor Lottery','0108_Armor Lottery','0223_Challenge','0120_Armor Lottery','0205_Armor Lottery','0206_Armor Lottery','9999_empty','9999_empty','0119_Armor Lottery','9999_empty','0201_Armor Lottery','0048_Armor Lottery','0211_Armor Lottery','9999_empty','9999_empty','9999_empty','9999_empty','0039_Armor Lottery','9999_empty','9999_empty','0202_Armor Lottery','0204_Armor Lottery','9999_empty','9999_empty','9999_empty','9999_empty','0200_Armor Lottery','9999_empty','9999_empty','9999_empty','9999_empty','9999_empty','9999_empty','9999_empty','9999_empty','9999_empty','9999_empty','9999_empty','9999_empty','9999_empty','9999_empty','9999_empty','9999_empty','9999_empty','9999_empty','9999_empty','9999_empty','9999_empty','9999_empty','9999_empty','9999_empty','9999_empty','9999_empty','9999_empty','9999_empty','9999_empty','9999_empty','9999_empty','9999_empty','9999_empty','9999_empty','9999_empty','9999_empty','9999_empty','9999_empty','9999_empty','9999_empty','9999_empty','9999_empty','9999_empty','9999_empty','9999_empty','9999_empty','9999_empty','9999_empty','9999_empty','9999_empty','9999_empty','9999_empty','9999_empty','9999_empty','9999_empty','9999_empty','9999_empty','9999_empty','9999_empty','9999_empty','9999_empty','9999_empty','9999_empty','9999_empty','9999_empty','9999_empty','9999_empty','9999_empty','9999_empty','9999_empty','9999_empty','9999_empty','9999_empty','9999_empty','9999_empty','9999_empty','9999_empty','9999_empty','9999_empty','9999_empty','9999_empty','9999_empty','9999_empty','9999_empty','9999_empty','9999_empty','9999_empty','9999_empty','9999_empty','9999_empty','9999_empty','9999_empty','9999_empty','9999_empty','9999_empty','9999_empty','9999_empty','9999_empty','9999_empty','9999_empty','9999_empty','9999_empty','9999_empty','9999_empty','9999_empty','9999_empty','9999_empty','9999_empty','9999_empty','9999_empty','9999_empty','9999_empty','9999_empty','9999_empty','9999_empty','9999_empty','9999_empty','9999_empty','9999_empty','9999_empty','9999_empty','9999_empty','9999_empty','9999_empty','9999_empty','9999_empty','9999_empty','9999_empty','9999_empty','9999_empty','9999_empty','9999_empty','9999_empty','9999_empty','9999_empty','9999_empty','9999_empty','9999_empty','9999_empty','9999_empty','9999_empty','9999_empty','9999_empty','9999_empty','9999_empty','9999_empty','9999_empty','9999_empty','9999_empty','9999_empty','9999_empty','9999_empty','9999_empty','9999_empty','9999_empty','9999_empty','9999_empty','9999_empty','9999_empty','9999_empty','9999_empty','9999_empty','9999_empty','9999_empty','9999_empty','9999_empty','9999_empty','9999_empty','9999_empty','9999_empty','9999_empty','9999_empty','9999_empty','9999_empty','9999_empty','9999_empty','9999_empty','9999_empty','9999_empty','9999_empty','9999_empty','9999_empty','9999_empty','9999_empty','9999_empty','9999_empty','9999_empty',''),('Blah','e99a18c428cb38d5f260853678922e03','0132_Armor Lottery','0027_Armor Lottery','0001_Default Gear','0202_Armor Lottery','0050_Armor Lottery','0061_Challenge','0163_Armor Lottery','0060_Challenge','0017_new-user','0130_Armor Lottery','0243_Armor Lottery','0204_Armor Lottery','0059_Challenge','0203_Armor Lottery','0205_Armor Lottery','0206_Armor Lottery','0125_Armor Lottery','9999_empty','9999_empty','0000_Default Gear','0161_Armor Lottery','0109_Armor Lottery','0058_Challenge','0205_Armor Lottery','0110_Armor Lottery','0200_Armor Lottery','9999_empty','9999_empty','0201_Armor Lottery','0117_Armor Lottery','0165_Armor Lottery','0049_Armor Lottery','0162_Armor Lottery','0062_Challenge','0200_Armor Lottery','9999_empty','9999_empty','0106_Armor Lottery','0112_Armor Lottery','0118_Armor Lottery','0007_Default Gear','0114_Armor Lottery','0115_Armor Lottery','0111_Armor Lottery','9999_empty','9999_empty','0020_Tutorial','0103_Armor Lottery','0159_Armor Lottery','0116_Armor Lottery','0107_Armor Lottery','0102_Armor Lottery','0164_Armor Lottery','9999_empty','9999_empty','0113_Armor Lottery','0098_Armor Lottery','0124_Armor Lottery','0108_Armor Lottery','0105_Armor Lottery','0003_Default Gear','0004_Default Gear','9999_empty','9999_empty','0160_Armor Lottery','9999_empty','0006_Default Gear','0123_Armor Lottery','0002_Default Gear','0122_Armor Lottery','0119_Armor Lottery','9999_empty','9999_empty','0120_Armor Lottery','9999_empty','0100_Armor Lottery','0104_Armor Lottery','0121_Armor Lottery','9999_empty','0101_Armor Lottery','9999_empty','9999_empty','0099_Armor Lottery','9999_empty','9999_empty','9999_empty','9999_empty','9999_empty','0056_Armor Lottery','9999_empty','9999_empty','0057_Challenge','9999_empty','9999_empty','9999_empty','9999_empty','9999_empty','9999_empty','9999_empty','9999_empty','9999_empty','9999_empty','9999_empty','9999_empty','9999_empty','9999_empty','9999_empty','9999_empty','9999_empty','9999_empty','9999_empty','9999_empty','9999_empty','9999_empty','9999_empty','9999_empty','9999_empty','9999_empty','9999_empty','9999_empty','9999_empty','9999_empty','9999_empty','9999_empty','9999_empty','9999_empty','9999_empty','9999_empty','9999_empty','9999_empty','9999_empty','9999_empty','9999_empty','9999_empty','9999_empty','9999_empty','9999_empty','9999_empty','9999_empty','9999_empty','9999_empty','9999_empty','9999_empty','9999_empty','9999_empty','9999_empty','9999_empty','9999_empty','9999_empty','9999_empty','9999_empty','9999_empty','9999_empty','9999_empty','9999_empty','9999_empty','9999_empty','9999_empty','9999_empty','9999_empty','9999_empty','9999_empty','9999_empty','9999_empty','9999_empty','9999_empty','9999_empty','9999_empty','9999_empty','9999_empty','9999_empty','9999_empty','9999_empty','9999_empty','9999_empty','9999_empty','9999_empty','9999_empty','9999_empty','9999_empty','9999_empty','9999_empty','9999_empty','9999_empty','9999_empty','9999_empty','9999_empty','9999_empty','9999_empty','9999_empty','9999_empty','9999_empty','9999_empty','9999_empty','9999_empty','9999_empty','9999_empty','9999_empty','9999_empty','9999_empty','9999_empty','9999_empty','9999_empty','9999_empty','9999_empty','9999_empty','9999_empty','9999_empty','9999_empty','9999_empty','9999_empty','9999_empty','9999_empty','9999_empty','9999_empty','9999_empty','9999_empty','9999_empty','9999_empty','9999_empty','9999_empty','9999_empty','9999_empty','9999_empty','9999_empty',''),('Titties','e99a18c428cb38d5f260853678922e03','0144_Armor Lottery','0092_Armor Lottery','0184_Armor Lottery','0059_Armor Lottery','0189_Armor Lottery','0082_Armor Lottery','0155_Armor Lottery','0060_Armor Lottery','0275_Armor Lottery','0141_Armor Lottery','0229_Armor Lottery','0150_Armor Lottery','0175_Armor Lottery','0070_Armor Lottery','0178_Armor Lottery','0206_Armor Lottery','0164_Armor Lottery','0287_Armor Lottery','0139_Armor Lottery','0031_Armor Lottery','0126_Armor Lottery','0059_Armor Lottery','0093_Armor Lottery','0247_Armor Lottery','0248_Armor Lottery','0207_Armor Lottery','0281_Armor Lottery','0145_Armor Lottery','0106_Armor Lottery','0150_Armor Lottery','0188_Armor Lottery','0116_Armor Lottery','0107_Armor Lottery','0102_Armor Lottery','0055_Armor Lottery','0292_Armor Lottery','0131_Armor Lottery','0174_Armor Lottery','0150_Armor Lottery','0230_Armor Lottery','0169_Armor Lottery','0185_Armor Lottery','0047_Armor Lottery','0067_Armor Lottery','0286_Armor Lottery','0136_Armor Lottery','0037_Armor Lottery','0253_Armor Lottery','0195_Armor Lottery','0157_Armor Lottery','0088_Armor Lottery','0179_Armor Lottery','0263_Armor Lottery','0287_Armor Lottery','0132_Armor Lottery','0022_Armor Lottery','0158_Armor Lottery','0048_Armor Lottery','0108_Armor Lottery','0066_Armor Lottery','0068_Armor Lottery','0055_Armor Lottery','0267_Armor Lottery','0139_Armor Lottery','0041_Armor Lottery','0190_Armor Lottery','0109_Armor Lottery','0080_Armor Lottery','0212_Armor Lottery','0173_Armor Lottery','0125_Armor Lottery','0291_Armor Lottery','0130_Armor Lottery','0236_Armor Lottery','0190_Armor Lottery','0048_Armor Lottery','0080_Armor Lottery','0205_Armor Lottery','0241_Armor Lottery','0186_Armor Lottery','0267_Armor Lottery','0129_Armor Lottery','0229_Armor Lottery','0091_Armor Lottery','0124_Armor Lottery','0238_Armor Lottery','0107_Armor Lottery','0102_Armor Lottery','0200_Armor Lottery','0284_Armor Lottery','0137_Armor Lottery','0032_Armor Lottery','0253_Armor Lottery','0216_Armor Lottery','0245_Armor Lottery','0172_Armor Lottery','0173_Armor Lottery','0090_Armor Lottery','0292_Armor Lottery','0143_Armor Lottery','0042_Armor Lottery','0098_Armor Lottery','0230_Armor Lottery','0252_Armor Lottery','0154_Armor Lottery','0122_Armor Lottery','0256_Armor Lottery','9999_empty','0139_Armor Lottery','0025_Armor Lottery','0190_Armor Lottery','0075_Armor Lottery','0116_Armor Lottery','0191_Armor Lottery','0262_Armor Lottery','0242_Armor Lottery','9999_empty','0141_Armor Lottery','0153_Armor Lottery','0150_Armor Lottery','0216_Armor Lottery','0176_Armor Lottery','0154_Armor Lottery','0089_Armor Lottery','0171_Armor Lottery','9999_empty','0145_Armor Lottery','0092_Armor Lottery','0081_Armor Lottery','0124_Armor Lottery','0148_Armor Lottery','0178_Armor Lottery','0163_Armor Lottery','0119_Armor Lottery','9999_empty','0130_Armor Lottery','0042_Armor Lottery','0069_Armor Lottery','0118_Armor Lottery','0108_Armor Lottery','0178_Armor Lottery','0255_Armor Lottery','0207_Armor Lottery','9999_empty','0128_Armor Lottery','0146_Armor Lottery','0161_Armor Lottery','0059_Armor Lottery','0050_Armor Lottery','0198_Armor Lottery','0073_Armor Lottery','0054_Armor Lottery','9999_empty','9999_empty','0035_Armor Lottery','0177_Armor Lottery','0100_Armor Lottery','0157_Armor Lottery','0114_Armor Lottery','0192_Armor Lottery','0101_Armor Lottery','9999_empty','9999_empty','0044_Armor Lottery','0218_Armor Lottery','0100_Armor Lottery','0217_Armor Lottery','0154_Armor Lottery','9999_empty','0149_Armor Lottery','9999_empty','9999_empty','0085_Armor Lottery','0170_Armor Lottery','0159_Armor Lottery','0116_Armor Lottery','0185_Armor Lottery','9999_empty','0149_Armor Lottery','9999_empty','9999_empty','0027_Armor Lottery','0239_Armor Lottery','0118_Armor Lottery','0166_Armor Lottery','9999_empty','9999_empty','0156_Armor Lottery','9999_empty','9999_empty','0167_Armor Lottery','9999_empty','0124_Armor Lottery','0086_Armor Lottery','9999_empty','9999_empty','9999_empty','9999_empty','9999_empty','0250_Armor Lottery','9999_empty','0097_Armor Lottery','9999_empty','9999_empty','9999_empty','9999_empty','9999_empty','9999_empty','0201_Armor Lottery','9999_empty','0230_Armor Lottery','9999_empty','9999_empty','9999_empty','9999_empty','9999_empty','9999_empty','0025_Armor Lottery','9999_empty','0237_Armor Lottery','9999_empty','9999_empty','9999_empty','9999_empty','9999_empty',''),('Scatonmysonstits','e99a18c428cb38d5f260853678922e03','0013_new-user','0020_Tutorial','0001_Default Gear','0006_Default Gear','0007_Default Gear','0002_Default Gear','0003_Default Gear','0004_Default Gear','0017_new-user','9999_empty','0000_Default Gear','9999_empty','9999_empty','9999_empty','9999_empty','9999_empty','9999_empty','9999_empty','9999_empty','9999_empty','9999_empty','9999_empty','9999_empty','9999_empty','9999_empty','9999_empty','9999_empty','9999_empty','9999_empty','9999_empty','9999_empty','9999_empty','9999_empty','9999_empty','9999_empty','9999_empty','9999_empty','9999_empty','9999_empty','9999_empty','9999_empty','9999_empty','9999_empty','9999_empty','9999_empty','9999_empty','9999_empty','9999_empty','9999_empty','9999_empty','9999_empty','9999_empty','9999_empty','9999_empty','9999_empty','9999_empty','9999_empty','9999_empty','9999_empty','9999_empty','9999_empty','9999_empty','9999_empty','9999_empty','9999_empty','9999_empty','9999_empty','9999_empty','9999_empty','9999_empty','9999_empty','9999_empty','9999_empty','9999_empty','9999_empty','9999_empty','9999_empty','9999_empty','9999_empty','9999_empty','9999_empty','9999_empty','9999_empty','9999_empty','9999_empty','9999_empty','9999_empty','9999_empty','9999_empty','9999_empty','9999_empty','9999_empty','9999_empty','9999_empty','9999_empty','9999_empty','9999_empty','9999_empty','9999_empty','9999_empty','9999_empty','9999_empty','9999_empty','9999_empty','9999_empty','9999_empty','9999_empty','9999_empty','9999_empty','9999_empty','9999_empty','9999_empty','9999_empty','9999_empty','9999_empty','9999_empty','9999_empty','9999_empty','9999_empty','9999_empty','9999_empty','9999_empty','9999_empty','9999_empty','9999_empty','9999_empty','9999_empty','9999_empty','9999_empty','9999_empty','9999_empty','9999_empty','9999_empty','9999_empty','9999_empty','9999_empty','9999_empty','9999_empty','9999_empty','9999_empty','9999_empty','9999_empty','9999_empty','9999_empty','9999_empty','9999_empty','9999_empty','9999_empty','9999_empty','9999_empty','9999_empty','9999_empty','9999_empty','9999_empty','9999_empty','9999_empty','9999_empty','9999_empty','9999_empty','9999_empty','9999_empty','9999_empty','9999_empty','9999_empty','9999_empty','9999_empty','9999_empty','9999_empty','9999_empty','9999_empty','9999_empty','9999_empty','9999_empty','9999_empty','9999_empty','9999_empty','9999_empty','9999_empty','9999_empty','9999_empty','9999_empty','9999_empty','9999_empty','9999_empty','9999_empty','9999_empty','9999_empty','9999_empty','9999_empty','9999_empty','9999_empty','9999_empty','9999_empty','9999_empty','9999_empty','9999_empty','9999_empty','9999_empty','9999_empty','9999_empty','9999_empty','9999_empty','9999_empty','9999_empty','9999_empty','9999_empty','9999_empty','9999_empty','9999_empty','9999_empty','9999_empty','9999_empty','9999_empty','9999_empty','9999_empty','9999_empty','9999_empty','9999_empty','9999_empty','9999_empty','9999_empty','9999_empty','9999_empty','9999_empty','9999_empty',''),('Dickinmynephewsass','e99a18c428cb38d5f260853678922e03','0136_Challenge','0098_Armor Lottery','0116_Armor Lottery','0201_Armor Lottery','0202_Armor Lottery','0113_Armor Lottery','0114_Armor Lottery','0206_Armor Lottery','0017_new-user','0140_Armor Lottery','0000_Default Gear','0203_Armor Lottery','0108_Armor Lottery','0115_Armor Lottery','0204_Armor Lottery','0205_Armor Lottery','0054_Armor Lottery','9999_empty','0133_Armor Lottery','0200_Armor Lottery','0001_Default Gear','0006_Default Gear','0007_Default Gear','0002_Default Gear','0003_Default Gear','0004_Default Gear','9999_empty','0144_Challenge','0119_Armor Lottery','0111_Armor Lottery','0222_Challenge','0107_Armor Lottery','0106_Armor Lottery','0109_Armor Lottery','0110_Armor Lottery','9999_empty','9999_empty','0020_Tutorial','0097_Armor Lottery','0117_Armor Lottery','0165_Armor Lottery','0161_Armor Lottery','0162_Armor Lottery','0118_Armor Lottery','9999_empty','9999_empty','0159_Armor Lottery','0160_Armor Lottery','0164_Armor Lottery','0223_Challenge','0104_Armor Lottery','0101_Armor Lottery','0163_Armor Lottery','9999_empty','9999_empty','0105_Armor Lottery','0125_Armor Lottery','0123_Armor Lottery','0122_Armor Lottery','0120_Armor Lottery','0121_Armor Lottery','0124_Armor Lottery','9999_empty','9999_empty','0027_Armor Lottery','0125_Armor Lottery','0099_Armor Lottery','0103_Armor Lottery','0225_Challenge','0226_Challenge','0100_Armor Lottery','9999_empty','9999_empty','0221_Challenge','0102_Armor Lottery','0164_Armor Lottery','9999_empty','9999_empty','9999_empty','0227_Challenge','9999_empty','9999_empty','0112_Armor Lottery','0224_Challenge','9999_empty','9999_empty','9999_empty','9999_empty','9999_empty','9999_empty','9999_empty','9999_empty','9999_empty','9999_empty','9999_empty','9999_empty','9999_empty','9999_empty','9999_empty','9999_empty','9999_empty','9999_empty','9999_empty','9999_empty','9999_empty','9999_empty','9999_empty','9999_empty','9999_empty','9999_empty','9999_empty','9999_empty','9999_empty','9999_empty','9999_empty','9999_empty','9999_empty','9999_empty','9999_empty','9999_empty','9999_empty','9999_empty','9999_empty','9999_empty','9999_empty','9999_empty','9999_empty','9999_empty','9999_empty','9999_empty','9999_empty','9999_empty','9999_empty','9999_empty','9999_empty','9999_empty','9999_empty','9999_empty','9999_empty','9999_empty','9999_empty','9999_empty','9999_empty','9999_empty','9999_empty','9999_empty','9999_empty','9999_empty','9999_empty','9999_empty','9999_empty','9999_empty','9999_empty','9999_empty','9999_empty','9999_empty','9999_empty','9999_empty','9999_empty','9999_empty','9999_empty','9999_empty','9999_empty','9999_empty','9999_empty','9999_empty','9999_empty','9999_empty','9999_empty','9999_empty','9999_empty','9999_empty','9999_empty','9999_empty','9999_empty','9999_empty','9999_empty','9999_empty','9999_empty','9999_empty','9999_empty','9999_empty','9999_empty','9999_empty','9999_empty','9999_empty','9999_empty','9999_empty','9999_empty','9999_empty','9999_empty','9999_empty','9999_empty','9999_empty','9999_empty','9999_empty','9999_empty','9999_empty','9999_empty','9999_empty','9999_empty','9999_empty','9999_empty','9999_empty','9999_empty','9999_empty','9999_empty','9999_empty','9999_empty','9999_empty','9999_empty','9999_empty','9999_empty','9999_empty','9999_empty','9999_empty','9999_empty','9999_empty','9999_empty','9999_empty','9999_empty','9999_empty','9999_empty','9999_empty','9999_empty',''),('Total N00bcall','e99a18c428cb38d5f260853678922e03','0143_Armor Lottery','0146_Armor Lottery','0069_Armor Lottery','0159_Armor Lottery','0123_Armor Lottery','0185_Armor Lottery','0220_Armor Lottery','0084_Armor Lottery','0276_Armor Lottery','0141_Armor Lottery','0153_Armor Lottery','0063_Armor Lottery','0124_Armor Lottery','0196_Armor Lottery','0185_Armor Lottery','0234_Armor Lottery','0090_Armor Lottery','0276_Armor Lottery','0133_Armor Lottery','0201_Armor Lottery','0081_Armor Lottery','0147_Armor Lottery','0157_Armor Lottery','0121_Armor Lottery','0179_Armor Lottery','0164_Armor Lottery','0271_Armor Lottery','0136_Armor Lottery','0085_Armor Lottery','0232_Armor Lottery','0182_Armor Lottery','0058_Armor Lottery','0061_Armor Lottery','0102_Armor Lottery','0171_Armor Lottery','0273_Armor Lottery','0138_Armor Lottery','0041_Armor Lottery','0232_Armor Lottery','0182_Armor Lottery','0238_Armor Lottery','0121_Armor Lottery','0095_Armor Lottery','0221_Armor Lottery','0283_Armor Lottery','0141_Armor Lottery','0039_Armor Lottery','0246_Armor Lottery','0065_Armor Lottery','0074_Armor Lottery','0151_Armor Lottery','0152_Armor Lottery','0214_Armor Lottery','0289_Armor Lottery','0141_Armor Lottery','0078_Armor Lottery','0204_Armor Lottery','0168_Armor Lottery','0074_Armor Lottery','0066_Armor Lottery','0163_Armor Lottery','0149_Armor Lottery','0280_Armor Lottery','0128_Armor Lottery','0113_Armor Lottery','0170_Armor Lottery','0065_Armor Lottery','0123_Armor Lottery','0226_Armor Lottery','0255_Armor Lottery','0235_Armor Lottery','0270_Armor Lottery','0137_Armor Lottery','0229_Armor Lottery','0177_Armor Lottery','0087_Armor Lottery','0217_Armor Lottery','0254_Armor Lottery','0110_Armor Lottery','0249_Armor Lottery','0267_Armor Lottery','0141_Armor Lottery','0229_Armor Lottery','0126_Armor Lottery','0118_Armor Lottery','0049_Armor Lottery','0254_Armor Lottery','0234_Armor Lottery','0125_Armor Lottery','0269_Armor Lottery','0127_Armor Lottery','0020_Armor Lottery','0204_Armor Lottery','0147_Armor Lottery','0051_Armor Lottery','0107_Armor Lottery','0234_Armor Lottery','0156_Armor Lottery','0285_Armor Lottery','0127_Armor Lottery','0153_Armor Lottery','0211_Armor Lottery','0079_Armor Lottery','0116_Armor Lottery','0061_Armor Lottery','0102_Armor Lottery','0228_Armor Lottery','9999_empty','0140_Armor Lottery','0032_Armor Lottery','0126_Armor Lottery','0100_Armor Lottery','0166_Armor Lottery','0162_Armor Lottery','0206_Armor Lottery','0084_Armor Lottery','9999_empty','0131_Armor Lottery','0215_Armor Lottery','0170_Armor Lottery','0195_Armor Lottery','0203_Armor Lottery','0121_Armor Lottery','0192_Armor Lottery','0055_Armor Lottery','9999_empty','0144_Armor Lottery','0041_Armor Lottery','0197_Armor Lottery','0165_Armor Lottery','0080_Armor Lottery','0094_Armor Lottery','0110_Armor Lottery','0060_Armor Lottery','9999_empty','0139_Armor Lottery','0019_Armor Lottery','0211_Armor Lottery','0223_Armor Lottery','0123_Armor Lottery','0114_Armor Lottery','0062_Armor Lottery','0111_Armor Lottery','9999_empty','9999_empty','0045_Armor Lottery','0161_Armor Lottery','0048_Armor Lottery','0245_Armor Lottery','0082_Armor Lottery','0227_Armor Lottery','0186_Armor Lottery','9999_empty','9999_empty','0039_Armor Lottery','0232_Armor Lottery','0244_Armor Lottery','0074_Armor Lottery','0212_Armor Lottery','0122_Armor Lottery','0193_Armor Lottery','9999_empty','9999_empty','0033_Armor Lottery','0211_Armor Lottery','9999_empty','0183_Armor Lottery','0162_Armor Lottery','9999_empty','0249_Armor Lottery','9999_empty','9999_empty','0029_Armor Lottery','0225_Armor Lottery','9999_empty','0203_Armor Lottery','0061_Armor Lottery','9999_empty','0221_Armor Lottery','9999_empty','9999_empty','0229_Armor Lottery','0103_Armor Lottery','9999_empty','0052_Armor Lottery','0261_Armor Lottery','9999_empty','0207_Armor Lottery','9999_empty','9999_empty','0024_Armor Lottery','0103_Armor Lottery','9999_empty','0176_Armor Lottery','0212_Armor Lottery','9999_empty','0090_Armor Lottery','9999_empty','9999_empty','0257_Armor Lottery','0063_Armor Lottery','9999_empty','0058_Armor Lottery','9999_empty','9999_empty','9999_empty','9999_empty','9999_empty','0020_Armor Lottery','0081_Armor Lottery','9999_empty','9999_empty','9999_empty','9999_empty','9999_empty','9999_empty','9999_empty','0057_Armor Lottery','0204_Armor Lottery','9999_empty','9999_empty','9999_empty','9999_empty','9999_empty','9999_empty',''),('Dickingthedog','e99a18c428cb38d5f260853678922e03','0133_Armor Lottery','0167_Challenge','0170_Challenge','0168_Challenge','0169_Challenge','0172_Challenge','0173_Challenge','0171_Challenge','0017_youz_disabled','0144_Armor Lottery','0024_Armor Lottery','0001_Default Gear','0006_Default Gear','0108_Armor Lottery','0002_Default Gear','0003_Default Gear','0119_Armor Lottery','0273_Challenge','0145_Challenge','0000_Default Gear','0112_Armor Lottery','0124_Armor Lottery','0210_Armor Lottery','0121_Armor Lottery','0110_Armor Lottery','0111_Armor Lottery','9999_empty','0127_Armor Lottery','0106_Armor Lottery','0117_Armor Lottery','0109_Armor Lottery','0116_Armor Lottery','0107_Armor Lottery','0115_Armor Lottery','0200_Armor Lottery','9999_empty','0132_Armor Lottery','0113_Armor Lottery','0103_Armor Lottery','0118_Armor Lottery','0104_Armor Lottery','0114_Armor Lottery','0102_Armor Lottery','0101_Armor Lottery','9999_empty','9999_empty','0099_Armor Lottery','0098_Armor Lottery','0100_Armor Lottery','0093_Armor Lottery','0105_Armor Lottery','0095_Armor Lottery','0096_Armor Lottery','9999_empty','9999_empty','0040_Armor Lottery','0246_Armor Lottery','0097_Armor Lottery','0058_Challenge','0094_Armor Lottery','0062_Challenge','0060_Challenge','9999_empty','9999_empty','0092_Armor Lottery','0063_Challenge','0202_Armor Lottery','0070_Armor Lottery','0061_Challenge','0068_Armor Lottery','0067_Armor Lottery','9999_empty','9999_empty','0057_Challenge','0069_Armor Lottery','0059_Challenge','9999_empty','0066_Armor Lottery','9999_empty','9999_empty','9999_empty','9999_empty','0064_Armor Lottery','9999_empty','0065_Armor Lottery','9999_empty','9999_empty','9999_empty','9999_empty','9999_empty','9999_empty','9999_empty','9999_empty','9999_empty','9999_empty','9999_empty','9999_empty','9999_empty','9999_empty','9999_empty','9999_empty','9999_empty','9999_empty','9999_empty','9999_empty','9999_empty','9999_empty','9999_empty','9999_empty','9999_empty','9999_empty','9999_empty','9999_empty','9999_empty','9999_empty','9999_empty','9999_empty','9999_empty','9999_empty','9999_empty','9999_empty','9999_empty','9999_empty','9999_empty','9999_empty','9999_empty','9999_empty','9999_empty','9999_empty','9999_empty','9999_empty','9999_empty','9999_empty','9999_empty','9999_empty','9999_empty','9999_empty','9999_empty','9999_empty','9999_empty','9999_empty','9999_empty','9999_empty','9999_empty','9999_empty','9999_empty','9999_empty','9999_empty','9999_empty','9999_empty','9999_empty','9999_empty','9999_empty','9999_empty','9999_empty','9999_empty','9999_empty','9999_empty','9999_empty','9999_empty','9999_empty','9999_empty','9999_empty','9999_empty','9999_empty','9999_empty','9999_empty','9999_empty','9999_empty','9999_empty','9999_empty','9999_empty','9999_empty','9999_empty','9999_empty','9999_empty','9999_empty','9999_empty','9999_empty','9999_empty','9999_empty','9999_empty','9999_empty','9999_empty','9999_empty','9999_empty','9999_empty','9999_empty','9999_empty','9999_empty','9999_empty','9999_empty','9999_empty','9999_empty','9999_empty','9999_empty','9999_empty','9999_empty','9999_empty','9999_empty','9999_empty','9999_empty','9999_empty','9999_empty','9999_empty','9999_empty','9999_empty','9999_empty','9999_empty','9999_empty','9999_empty','9999_empty','9999_empty','9999_empty','9999_empty','9999_empty','9999_empty','9999_empty','9999_empty','9999_empty','9999_empty','9999_empty','9999_empty','9999_empty','9999_empty',''),('Arsehunter69','e99a18c428cb38d5f260853678922e03','0013_new-user','0000_Default Gear','0001_Default Gear','0006_Default Gear','0007_Default Gear','0002_Default Gear','0003_Default Gear','0004_Default Gear','0017_new-user','9999_empty','9999_empty','9999_empty','0065_Armor Lottery','9999_empty','0107_Armor Lottery','9999_empty','9999_empty','9999_empty','9999_empty','9999_empty','9999_empty','9999_empty','9999_empty','9999_empty','9999_empty','9999_empty','9999_empty','9999_empty','9999_empty','9999_empty','9999_empty','9999_empty','9999_empty','9999_empty','9999_empty','9999_empty','9999_empty','9999_empty','9999_empty','9999_empty','9999_empty','9999_empty','9999_empty','9999_empty','9999_empty','9999_empty','9999_empty','9999_empty','9999_empty','9999_empty','9999_empty','9999_empty','9999_empty','9999_empty','9999_empty','9999_empty','9999_empty','9999_empty','9999_empty','9999_empty','9999_empty','9999_empty','9999_empty','9999_empty','9999_empty','9999_empty','9999_empty','9999_empty','9999_empty','9999_empty','9999_empty','9999_empty','9999_empty','9999_empty','9999_empty','9999_empty','9999_empty','9999_empty','9999_empty','9999_empty','9999_empty','9999_empty','9999_empty','9999_empty','9999_empty','9999_empty','9999_empty','9999_empty','9999_empty','9999_empty','9999_empty','9999_empty','9999_empty','9999_empty','9999_empty','9999_empty','9999_empty','9999_empty','9999_empty','9999_empty','9999_empty','9999_empty','9999_empty','9999_empty','9999_empty','9999_empty','9999_empty','9999_empty','9999_empty','9999_empty','9999_empty','9999_empty','9999_empty','9999_empty','9999_empty','9999_empty','9999_empty','9999_empty','9999_empty','9999_empty','9999_empty','9999_empty','9999_empty','9999_empty','9999_empty','9999_empty','9999_empty','9999_empty','9999_empty','9999_empty','9999_empty','9999_empty','9999_empty','9999_empty','9999_empty','9999_empty','9999_empty','9999_empty','9999_empty','9999_empty','9999_empty','9999_empty','9999_empty','9999_empty','9999_empty','9999_empty','9999_empty','9999_empty','9999_empty','9999_empty','9999_empty','9999_empty','9999_empty','9999_empty','9999_empty','9999_empty','9999_empty','9999_empty','9999_empty','9999_empty','9999_empty','9999_empty','9999_empty','9999_empty','9999_empty','9999_empty','9999_empty','9999_empty','9999_empty','9999_empty','9999_empty','9999_empty','9999_empty','9999_empty','9999_empty','9999_empty','9999_empty','9999_empty','9999_empty','9999_empty','9999_empty','9999_empty','9999_empty','9999_empty','9999_empty','9999_empty','9999_empty','9999_empty','9999_empty','9999_empty','9999_empty','9999_empty','9999_empty','9999_empty','9999_empty','9999_empty','9999_empty','9999_empty','9999_empty','9999_empty','9999_empty','9999_empty','9999_empty','9999_empty','9999_empty','9999_empty','9999_empty','9999_empty','9999_empty','9999_empty','9999_empty','9999_empty','9999_empty','9999_empty','9999_empty','9999_empty','9999_empty','9999_empty','9999_empty','9999_empty','9999_empty','9999_empty','9999_empty','9999_empty','9999_empty',''),('@$$','e99a18c428cb38d5f260853678922e03','0137_Challenge','0045_Challenge','0225_Challenge','0159_Challenge','0224_Challenge','0226_Challenge','0227_Challenge','0242_Challenge','0268_Challenge','0144_Armor Lottery','0023_Armor Lottery','0112_Armor Lottery','0147_Challenge','0245_Armor Lottery','0066_Armor Lottery','0095_Armor Lottery','0207_Armor Lottery','0291_Challenge','0142_Armor Lottery','0099_Armor Lottery','0232_Challenge','0097_Armor Lottery','0238_Challenge','0212_Armor Lottery','0062_Challenge','0096_Armor Lottery','0280_Challenge','0134_Armor Lottery','0039_Armor Lottery','0103_Armor Lottery','0059_Challenge','0210_Armor Lottery','0094_Armor Lottery','0248_Armor Lottery','0228_Challenge','0271_Challenge','0140_Armor Lottery','0257_Armor Lottery','0161_Armor Lottery','0100_Armor Lottery','0070_Armor Lottery','0107_Armor Lottery','0102_Armor Lottery','0119_Armor Lottery','0275_Challenge','0127_Armor Lottery','0057_Challenge','0069_Armor Lottery','0006_Default Gear','0058_Challenge','0205_Armor Lottery','0068_Armor Lottery','0214_Armor Lottery','0290_Challenge','0139_Armor Lottery','0243_Armor Lottery','0126_Armor Lottery','0168_Challenge','0104_Armor Lottery','0061_Challenge','0102_Armor Lottery','0067_Armor Lottery','0286_Challenge','0128_Armor Lottery','0040_Armor Lottery','0001_Default Gear','0118_Armor Lottery','0169_Challenge','0247_Armor Lottery','0213_Armor Lottery','0101_Armor Lottery','0277_Challenge','0131_Armor Lottery','0222_Challenge','0117_Armor Lottery','0202_Armor Lottery','0176_Challenge','0162_Armor Lottery','0122_Armor Lottery','0249_Armor Lottery','0289_Challenge','0133_Armor Lottery','0236_Challenge','0063_Challenge','0065_Armor Lottery','0052_Armor Lottery','0121_Armor Lottery','0173_Challenge','0054_Armor Lottery','0279_Challenge','0143_Armor Lottery','0229_Challenge','0158_Challenge','0165_Armor Lottery','0189_Challenge','0082_Challenge','0115_Armor Lottery','0171_Challenge','0267_Challenge','0141_Armor Lottery','0187_Challenge','0211_Armor Lottery','0244_Armor Lottery','0196_Armor Lottery','0105_Armor Lottery','0234_Challenge','0235_Challenge','9999_empty','0130_Armor Lottery','0026_Armor Lottery','0081_Challenge','0188_Challenge','0231_Challenge','0233_Challenge','0192_Challenge','0193_Challenge','9999_empty','0129_Armor Lottery','0201_Armor Lottery','0204_Armor Lottery','0087_Challenge','0157_Armor Lottery','0191_Challenge','0255_Armor Lottery','0056_Armor Lottery','9999_empty','0138_Armor Lottery','0174_Challenge','0246_Armor Lottery','0175_Challenge','0259_Challenge','0088_Challenge','0083_Armor Lottery','0084_Challenge','9999_empty','0129_Armor Lottery','0078_Challenge','0170_Challenge','0048_Armor Lottery','0080_Challenge','0178_Challenge','0179_Challenge','0060_Challenge','9999_empty','0145_Challenge','0120_Armor Lottery','0091_Challenge','0223_Challenge','0148_Challenge','0240_Challenge','0152_Challenge','0180_Challenge','9999_empty','0132_Armor Lottery','0167_Challenge','0239_Challenge','0258_Challenge','0183_Challenge','0151_Challenge','0241_Challenge','0263_Challenge','9999_empty','0136_Armor Lottery','0146_Challenge','0177_Challenge','0079_Challenge','0074_Challenge','0261_Challenge','0262_Challenge','0149_Challenge','9999_empty','0135_Challenge','0194_Challenge','0260_Challenge','0237_Challenge','9999_empty','0172_Challenge','0089_Challenge','0090_Challenge','9999_empty','9999_empty','0181_Challenge','0150_Challenge','0195_Challenge','9999_empty','0198_Challenge','0199_Challenge','0200_Challenge','9999_empty','9999_empty','0046_Challenge','0253_Armor Lottery','0182_Challenge','9999_empty','0185_Challenge','0155_Challenge','0186_Challenge','9999_empty','9999_empty','0071_Challenge','0197_Challenge','0230_Challenge','9999_empty','0154_Challenge','0163_Armor Lottery','0156_Challenge','9999_empty','9999_empty','0153_Challenge','0184_Challenge','0075_Challenge','9999_empty','0072_Challenge','0073_Challenge','0077_Challenge','9999_empty','9999_empty','0031_Challenge','0190_Challenge','9999_empty','9999_empty','9999_empty','9999_empty','9999_empty','9999_empty',''),('Duke Silver','e99a18c428cb38d5f260853678922e03','0135_Challenge','0045_Challenge','0081_Challenge','0195_Challenge','0196_Challenge','0088_Challenge','0199_Challenge','0090_Challenge','0273_Challenge','0142_Armor Lottery','0106_Armor Lottery','0177_Challenge','0223_Challenge','0224_Challenge','0002_Default Gear','0003_Default Gear','0004_Default Gear','0280_Challenge','0141_Armor Lottery','0113_Armor Lottery','0126_Armor Lottery','0124_Armor Lottery','0123_Armor Lottery','0114_Armor Lottery','0122_Armor Lottery','0125_Armor Lottery','0283_Challenge','0132_Armor Lottery','0099_Armor Lottery','0117_Armor Lottery','0118_Armor Lottery','0007_Default Gear','0226_Challenge','0227_Challenge','0119_Armor Lottery','0281_Challenge','0127_Armor Lottery','0064_Armor Lottery','0112_Armor Lottery','0006_Default Gear','0108_Armor Lottery','0105_Armor Lottery','0110_Armor Lottery','0111_Armor Lottery','0290_Challenge','0134_Armor Lottery','0057_Challenge','0161_Armor Lottery','0165_Armor Lottery','0166_Armor Lottery','0107_Armor Lottery','0163_Armor Lottery','0164_Armor Lottery','0291_Challenge','0142_Armor Lottery','0167_Challenge','0001_Default Gear','0202_Armor Lottery','0203_Armor Lottery','0162_Armor Lottery','0206_Armor Lottery','0207_Armor Lottery','0286_Challenge','0140_Armor Lottery','0027_Armor Lottery','0103_Armor Lottery','0100_Armor Lottery','0104_Armor Lottery','0205_Armor Lottery','0062_Challenge','0101_Armor Lottery','0271_Challenge','0132_Armor Lottery','0071_Challenge','0239_Challenge','0109_Armor Lottery','0070_Armor Lottery','0121_Armor Lottery','0102_Armor Lottery','0067_Armor Lottery','9999_empty','0127_Armor Lottery','0243_Armor Lottery','0063_Challenge','0065_Armor Lottery','0093_Armor Lottery','0061_Challenge','0095_Armor Lottery','0060_Challenge','9999_empty','0129_Armor Lottery','0187_Challenge','0170_Challenge','0059_Challenge','0210_Armor Lottery','0094_Armor Lottery','0115_Armor Lottery','0249_Armor Lottery','9999_empty','0143_Armor Lottery','0208_Armor Lottery','0076_Challenge','0209_Armor Lottery','0093_Armor Lottery','0212_Armor Lottery','0213_Armor Lottery','0214_Armor Lottery','9999_empty','0133_Armor Lottery','0146_Challenge','0211_Armor Lottery','0168_Challenge','0116_Armor Lottery','0072_Challenge','0073_Challenge','0228_Challenge','9999_empty','0130_Armor Lottery','0023_Armor Lottery','0246_Armor Lottery','0244_Armor Lottery','0074_Challenge','0172_Challenge','0173_Challenge','0077_Challenge','9999_empty','0131_Armor Lottery','0174_Challenge','0069_Armor Lottery','0075_Challenge','0169_Challenge','0247_Armor Lottery','0248_Armor Lottery','0171_Challenge','9999_empty','0136_Armor Lottery','0031_Challenge','0211_Armor Lottery','0188_Challenge','0052_Armor Lottery','0066_Armor Lottery','0068_Armor Lottery','0054_Armor Lottery','9999_empty','0128_Armor Lottery','0078_Challenge','0069_Armor Lottery','0237_Challenge','0245_Armor Lottery','0191_Challenge','0047_Armor Lottery','0055_Armor Lottery','9999_empty','9999_empty','0229_Challenge','0204_Armor Lottery','0175_Challenge','0157_Armor Lottery','0240_Challenge','0083_Challenge','0096_Armor Lottery','9999_empty','9999_empty','0194_Armor Lottery','0225_Challenge','0079_Challenge','0086_Challenge','0178_Challenge','0047_Armor Lottery','0084_Challenge','9999_empty','9999_empty','0033_Armor Lottery','0190_Challenge','0230_Challenge','0238_Challenge','0082_Challenge','0241_Challenge','0242_Challenge','9999_empty','9999_empty','0038_Challenge','0091_Challenge','0147_Challenge','0176_Challenge','0233_Challenge','0179_Challenge','0180_Challenge','9999_empty','9999_empty','0236_Challenge','0232_Challenge','0087_Challenge','0189_Challenge','0151_Challenge','0192_Challenge','0193_Challenge','9999_empty','9999_empty','0043_Challenge','0150_Challenge','9999_empty','0231_Challenge','0198_Challenge','0234_Challenge','0235_Challenge','9999_empty','9999_empty','0201_Armor Lottery','0197_Challenge','9999_empty','0053_Armor Lottery','9999_empty','0152_Challenge','0149_Challenge','9999_empty','9999_empty','0026_Armor Lottery','9999_empty','9999_empty','0080_Challenge','9999_empty','0089_Challenge','0200_Challenge','9999_empty',''),('Bitchtits','a1a75c612e3fc64e362e30b78686945a','0132_Armor Lottery','0023_Armor Lottery','0204_Armor Lottery','0048_Armor Lottery','0123_Armor Lottery','0205_Armor Lottery','0206_Armor Lottery','0256_Armor Lottery','0271_Challenge','0141_Armor Lottery','0020_Tutorial','0211_Armor Lottery','0223_Challenge','0224_Challenge','0226_Challenge','0110_Armor Lottery','0111_Armor Lottery','0286_Challenge','0130_Armor Lottery','0000_Default Gear','0161_Armor Lottery','0006_Default Gear','0058_Challenge','0061_Challenge','0163_Armor Lottery','0164_Armor Lottery','9999_empty','0144_Armor Lottery','0201_Armor Lottery','0225_Challenge','0059_Challenge','0166_Armor Lottery','0162_Armor Lottery','0227_Challenge','0060_Challenge','9999_empty','0134_Armor Lottery','0222_Challenge','0001_Default Gear','0109_Armor Lottery','0203_Armor Lottery','0107_Armor Lottery','0062_Challenge','0228_Challenge','9999_empty','0127_Armor Lottery','0201_Armor Lottery','0112_Armor Lottery','0165_Armor Lottery','0049_Armor Lottery','0002_Default Gear','0003_Default Gear','0004_Default Gear','9999_empty','0131_Armor Lottery','0039_Armor Lottery','0063_Challenge','0202_Armor Lottery','0053_Armor Lottery','0121_Armor Lottery','0213_Armor Lottery','0054_Armor Lottery','9999_empty','0133_Armor Lottery','0160_Armor Lottery','0126_Armor Lottery','0124_Armor Lottery','0116_Armor Lottery','0114_Armor Lottery','0248_Armor Lottery','0125_Armor Lottery','9999_empty','0136_Armor Lottery','0024_Armor Lottery','0117_Armor Lottery','0209_Armor Lottery','0108_Armor Lottery','0066_Armor Lottery','0122_Armor Lottery','0214_Armor Lottery','9999_empty','0138_Armor Lottery','0106_Armor Lottery','0103_Armor Lottery','0118_Armor Lottery','0007_Default Gear','0105_Armor Lottery','0115_Armor Lottery','0119_Armor Lottery','9999_empty','0143_Armor Lottery','0040_Armor Lottery','0098_Armor Lottery','0100_Armor Lottery','0245_Armor Lottery','0094_Armor Lottery','0102_Armor Lottery','0119_Armor Lottery','9999_empty','0143_Armor Lottery','0099_Armor Lottery','9999_empty','0097_Armor Lottery','0050_Armor Lottery','0105_Armor Lottery','0047_Armor Lottery','0096_Armor Lottery','9999_empty','9999_empty','0120_Armor Lottery','9999_empty','9999_empty','0051_Armor Lottery','9999_empty','0047_Armor Lottery','0101_Armor Lottery','9999_empty','9999_empty','0057_Challenge','9999_empty','9999_empty','0104_Armor Lottery','9999_empty','0095_Armor Lottery','0249_Armor Lottery','9999_empty','9999_empty','0027_Armor Lottery','9999_empty','9999_empty','0051_Armor Lottery','9999_empty','9999_empty','0055_Armor Lottery','9999_empty','9999_empty','0021_Armor Lottery','9999_empty','9999_empty','0093_Armor Lottery','9999_empty','9999_empty','0207_Armor Lottery','9999_empty','9999_empty','0113_Armor Lottery','9999_empty','9999_empty','9999_empty','9999_empty','9999_empty','9999_empty','9999_empty','9999_empty','0113_Armor Lottery','9999_empty','9999_empty','9999_empty','9999_empty','9999_empty','9999_empty','9999_empty','9999_empty','0092_Armor Lottery','9999_empty','9999_empty','9999_empty','9999_empty','9999_empty','9999_empty','9999_empty','9999_empty','0026_Armor Lottery','9999_empty','9999_empty','9999_empty','9999_empty','9999_empty','9999_empty','9999_empty','9999_empty','9999_empty','9999_empty','9999_empty','9999_empty','9999_empty','9999_empty','9999_empty','9999_empty','9999_empty','9999_empty','9999_empty','9999_empty','9999_empty','9999_empty','9999_empty','9999_empty','9999_empty','9999_empty','9999_empty','9999_empty','9999_empty','9999_empty','9999_empty','9999_empty','9999_empty','9999_empty','9999_empty','9999_empty','9999_empty','9999_empty','9999_empty','9999_empty','9999_empty','9999_empty','9999_empty','9999_empty','9999_empty','9999_empty','9999_empty','9999_empty','9999_empty','9999_empty','9999_empty','9999_empty',''),('Sex Redneck Burglar','5f4dcc3b5aa765d61d8327deb882cf99','0131_Armor Lottery','0025_Armor Lottery','0063_Challenge','0109_Armor Lottery','0058_Challenge','0061_Challenge','0047_Armor Lottery','0054_Armor Lottery','0017_new-user','0136_Armor Lottery','0020_Tutorial','0161_Armor Lottery','0124_Armor Lottery','0123_Armor Lottery','0002_Default Gear','0110_Armor Lottery','0111_Armor Lottery','9999_empty','0127_Armor Lottery','0000_Default Gear','0225_Challenge','0006_Default Gear','0166_Armor Lottery','0121_Armor Lottery','0206_Armor Lottery','0164_Armor Lottery','9999_empty','0129_Armor Lottery','0027_Armor Lottery','0001_Default Gear','0165_Armor Lottery','0108_Armor Lottery','0107_Armor Lottery','0163_Armor Lottery','0207_Armor Lottery','9999_empty','0133_Armor Lottery','0120_Armor Lottery','0204_Armor Lottery','0202_Armor Lottery','0224_Challenge','0162_Armor Lottery','0122_Armor Lottery','0125_Armor Lottery','9999_empty','0138_Armor Lottery','0201_Armor Lottery','0112_Armor Lottery','0223_Challenge','0007_Default Gear','0205_Armor Lottery','0003_Default Gear','0004_Default Gear','9999_empty','0128_Armor Lottery','0106_Armor Lottery','0117_Armor Lottery','0118_Armor Lottery','0070_Armor Lottery','0114_Armor Lottery','0095_Armor Lottery','0096_Armor Lottery','9999_empty','0134_Armor Lottery','0113_Armor Lottery','0126_Armor Lottery','0059_Challenge','0116_Armor Lottery','0094_Armor Lottery','0213_Armor Lottery','0060_Challenge','9999_empty','9999_empty','0020_Armor Lottery','0103_Armor Lottery','0244_Armor Lottery','0053_Armor Lottery','0212_Armor Lottery','0115_Armor Lottery','0228_Challenge','9999_empty','9999_empty','0024_Armor Lottery','0098_Armor Lottery','0100_Armor Lottery','0052_Armor Lottery','0105_Armor Lottery','0062_Challenge','0119_Armor Lottery','9999_empty','9999_empty','0222_Challenge','0211_Armor Lottery','0097_Armor Lottery','0203_Armor Lottery','0226_Challenge','0227_Challenge','0101_Armor Lottery','9999_empty','9999_empty','0160_Armor Lottery','9999_empty','0209_Armor Lottery','0104_Armor Lottery','9999_empty','0102_Armor Lottery','0214_Armor Lottery','9999_empty','9999_empty','0057_Challenge','9999_empty','9999_empty','0093_Armor Lottery','9999_empty','9999_empty','9999_empty','9999_empty','9999_empty','0026_Armor Lottery','9999_empty','9999_empty','0104_Armor Lottery','9999_empty','9999_empty','9999_empty','9999_empty','9999_empty','0099_Armor Lottery','9999_empty','9999_empty','0210_Armor Lottery','9999_empty','9999_empty','9999_empty','9999_empty','9999_empty','0092_Armor Lottery','9999_empty','9999_empty','9999_empty','9999_empty','9999_empty','9999_empty','9999_empty','9999_empty','9999_empty','9999_empty','9999_empty','9999_empty','9999_empty','9999_empty','9999_empty','9999_empty','9999_empty','9999_empty','9999_empty','9999_empty','9999_empty','9999_empty','9999_empty','9999_empty','9999_empty','9999_empty','9999_empty','9999_empty','9999_empty','9999_empty','9999_empty','9999_empty','9999_empty','9999_empty','9999_empty','9999_empty','9999_empty','9999_empty','9999_empty','9999_empty','9999_empty','9999_empty','9999_empty','9999_empty','9999_empty','9999_empty','9999_empty','9999_empty','9999_empty','9999_empty','9999_empty','9999_empty','9999_empty','9999_empty','9999_empty','9999_empty','9999_empty','9999_empty','9999_empty','9999_empty','9999_empty','9999_empty','9999_empty','9999_empty','9999_empty','9999_empty','9999_empty','9999_empty','9999_empty','9999_empty','9999_empty','9999_empty','9999_empty','9999_empty','9999_empty','9999_empty','9999_empty','9999_empty','9999_empty','9999_empty','9999_empty','9999_empty','9999_empty','9999_empty','9999_empty','9999_empty','9999_empty','9999_empty',''),('@ss','e99a18c428cb38d5f260853678922e03','0013_youz_disabled','0113_Armor Lottery','0117_Armor Lottery','0118_Armor Lottery','0116_Armor Lottery','0114_Armor Lottery','0115_Armor Lottery','0119_Armor Lottery','0017_youz_disabled','0133_Armor Lottery','0201_Armor Lottery','0126_Armor Lottery','0124_Armor Lottery','0123_Armor Lottery','0121_Armor Lottery','0248_Armor Lottery','0125_Armor Lottery','0273_Challenge','9999_empty','0000_Default Gear','0001_Default Gear','0165_Armor Lottery','0166_Armor Lottery','0162_Armor Lottery','0122_Armor Lottery','0164_Armor Lottery','9999_empty','9999_empty','0160_Armor Lottery','0161_Armor Lottery','0006_Default Gear','0007_Default Gear','0002_Default Gear','0163_Armor Lottery','0111_Armor Lottery','9999_empty','9999_empty','0106_Armor Lottery','0112_Armor Lottery','0109_Armor Lottery','0108_Armor Lottery','0107_Armor Lottery','0110_Armor Lottery','0004_Default Gear','9999_empty','9999_empty','0120_Armor Lottery','0204_Armor Lottery','0202_Armor Lottery','0166_Armor Lottery','0205_Armor Lottery','0003_Default Gear','0207_Armor Lottery','9999_empty','9999_empty','9999_empty','9999_empty','9999_empty','0203_Armor Lottery','9999_empty','0206_Armor Lottery','9999_empty','9999_empty','9999_empty','9999_empty','9999_empty','9999_empty','9999_empty','9999_empty','9999_empty','9999_empty','9999_empty','9999_empty','9999_empty','9999_empty','9999_empty','9999_empty','9999_empty','9999_empty','9999_empty','9999_empty','9999_empty','9999_empty','9999_empty','9999_empty','9999_empty','9999_empty','9999_empty','9999_empty','9999_empty','9999_empty','9999_empty','9999_empty','9999_empty','9999_empty','9999_empty','9999_empty','9999_empty','9999_empty','9999_empty','9999_empty','9999_empty','9999_empty','9999_empty','9999_empty','9999_empty','9999_empty','9999_empty','9999_empty','9999_empty','9999_empty','9999_empty','9999_empty','9999_empty','9999_empty','9999_empty','9999_empty','9999_empty','9999_empty','9999_empty','9999_empty','9999_empty','9999_empty','9999_empty','9999_empty','9999_empty','9999_empty','9999_empty','9999_empty','9999_empty','9999_empty','9999_empty','9999_empty','9999_empty','9999_empty','9999_empty','9999_empty','9999_empty','9999_empty','9999_empty','9999_empty','9999_empty','9999_empty','9999_empty','9999_empty','9999_empty','9999_empty','9999_empty','9999_empty','9999_empty','9999_empty','9999_empty','9999_empty','9999_empty','9999_empty','9999_empty','9999_empty','9999_empty','9999_empty','9999_empty','9999_empty','9999_empty','9999_empty','9999_empty','9999_empty','9999_empty','9999_empty','9999_empty','9999_empty','9999_empty','9999_empty','9999_empty','9999_empty','9999_empty','9999_empty','9999_empty','9999_empty','9999_empty','9999_empty','9999_empty','9999_empty','9999_empty','9999_empty','9999_empty','9999_empty','9999_empty','9999_empty','9999_empty','9999_empty','9999_empty','9999_empty','9999_empty','9999_empty','9999_empty','9999_empty','9999_empty','9999_empty','9999_empty','9999_empty','9999_empty','9999_empty','9999_empty','9999_empty','9999_empty','9999_empty','9999_empty','9999_empty','9999_empty','9999_empty','9999_empty','9999_empty','9999_empty','9999_empty','9999_empty','9999_empty','9999_empty','9999_empty','9999_empty','9999_empty','9999_empty','9999_empty','9999_empty','9999_empty','9999_empty','9999_empty',''),('Sex Tapir','5f4dcc3b5aa765d61d8327deb882cf99','0141_Armor Lottery','0000_Default Gear','0001_Default Gear','0006_Default Gear','0007_Default Gear','0002_Default Gear','0003_Default Gear','0228_Challenge','0271_Challenge','0132_Armor Lottery','0024_Armor Lottery','0112_Armor Lottery','0124_Armor Lottery','0166_Armor Lottery','0121_Armor Lottery','0248_Armor Lottery','0111_Armor Lottery','9999_empty','0127_Armor Lottery','0099_Armor Lottery','0204_Armor Lottery','0100_Armor Lottery','0123_Armor Lottery','0105_Armor Lottery','0206_Armor Lottery','0101_Armor Lottery','9999_empty','0143_Armor Lottery','0120_Armor Lottery','0126_Armor Lottery','0165_Armor Lottery','0104_Armor Lottery','0162_Armor Lottery','0122_Armor Lottery','0164_Armor Lottery','9999_empty','0142_Armor Lottery','0106_Armor Lottery','0103_Armor Lottery','0109_Armor Lottery','0108_Armor Lottery','0107_Armor Lottery','0163_Armor Lottery','0125_Armor Lottery','9999_empty','9999_empty','0160_Armor Lottery','0161_Armor Lottery','0223_Challenge','0224_Challenge','0226_Challenge','0102_Armor Lottery','0004_Default Gear','9999_empty','9999_empty','0222_Challenge','0225_Challenge','0202_Armor Lottery','0093_Armor Lottery','0247_Armor Lottery','0110_Armor Lottery','0054_Armor Lottery','9999_empty','9999_empty','0027_Armor Lottery','0117_Armor Lottery','0097_Armor Lottery','0210_Armor Lottery','0094_Armor Lottery','0227_Challenge','0096_Armor Lottery','9999_empty','9999_empty','0020_Armor Lottery','0069_Armor Lottery','0209_Armor Lottery','0050_Armor Lottery','0212_Armor Lottery','0095_Armor Lottery','0214_Armor Lottery','9999_empty','9999_empty','0092_Armor Lottery','0098_Armor Lottery','0059_Challenge','0058_Challenge','0061_Challenge','0213_Armor Lottery','0060_Challenge','9999_empty','9999_empty','0208_Armor Lottery','0211_Armor Lottery','0065_Armor Lottery','0116_Armor Lottery','0066_Armor Lottery','0062_Challenge','0055_Armor Lottery','9999_empty','9999_empty','0026_Armor Lottery','0063_Challenge','9999_empty','0070_Armor Lottery','9999_empty','0068_Armor Lottery','0067_Armor Lottery','9999_empty','9999_empty','0057_Challenge','9999_empty','9999_empty','9999_empty','9999_empty','9999_empty','9999_empty','9999_empty','9999_empty','0064_Armor Lottery','9999_empty','9999_empty','9999_empty','9999_empty','9999_empty','9999_empty','9999_empty','9999_empty','9999_empty','9999_empty','9999_empty','9999_empty','9999_empty','9999_empty','9999_empty','9999_empty','9999_empty','9999_empty','9999_empty','9999_empty','9999_empty','9999_empty','9999_empty','9999_empty','9999_empty','9999_empty','9999_empty','9999_empty','9999_empty','9999_empty','9999_empty','9999_empty','9999_empty','9999_empty','9999_empty','9999_empty','9999_empty','9999_empty','9999_empty','9999_empty','9999_empty','9999_empty','9999_empty','9999_empty','9999_empty','9999_empty','9999_empty','9999_empty','9999_empty','9999_empty','9999_empty','9999_empty','9999_empty','9999_empty','9999_empty','9999_empty','9999_empty','9999_empty','9999_empty','9999_empty','9999_empty','9999_empty','9999_empty','9999_empty','9999_empty','9999_empty','9999_empty','9999_empty','9999_empty','9999_empty','9999_empty','9999_empty','9999_empty','9999_empty','9999_empty','9999_empty','9999_empty','9999_empty','9999_empty','9999_empty','9999_empty','9999_empty','9999_empty','9999_empty','9999_empty','9999_empty','9999_empty','9999_empty','9999_empty','9999_empty','9999_empty','9999_empty','9999_empty','9999_empty','9999_empty','9999_empty','9999_empty','9999_empty','9999_empty','9999_empty','9999_empty','9999_empty','9999_empty','9999_empty','9999_empty','9999_empty',''),('unowned drink','e99a18c428cb38d5f260853678922e03','0013_new-user','0009_new-user','0010_new-user','0014_new-user','0015_new-user','0011_new-user','0012_new-user','0016_new-user','0017_new-user','9999_empty','9999_empty','9999_empty','9999_empty','9999_empty','9999_empty','9999_empty','9999_empty','9999_empty','9999_empty','9999_empty','9999_empty','9999_empty','9999_empty','9999_empty','9999_empty','9999_empty','9999_empty','9999_empty','9999_empty','9999_empty','9999_empty','9999_empty','9999_empty','9999_empty','9999_empty','9999_empty','9999_empty','9999_empty','9999_empty','9999_empty','9999_empty','9999_empty','9999_empty','9999_empty','9999_empty','9999_empty','9999_empty','9999_empty','9999_empty','9999_empty','9999_empty','9999_empty','9999_empty','9999_empty','9999_empty','9999_empty','9999_empty','9999_empty','9999_empty','9999_empty','9999_empty','9999_empty','9999_empty','9999_empty','9999_empty','9999_empty','9999_empty','9999_empty','9999_empty','9999_empty','9999_empty','9999_empty','9999_empty','9999_empty','9999_empty','9999_empty','9999_empty','9999_empty','9999_empty','9999_empty','9999_empty','9999_empty','9999_empty','9999_empty','9999_empty','9999_empty','9999_empty','9999_empty','9999_empty','9999_empty','9999_empty','9999_empty','9999_empty','9999_empty','9999_empty','9999_empty','9999_empty','9999_empty','9999_empty','9999_empty','9999_empty','9999_empty','9999_empty','9999_empty','9999_empty','9999_empty','9999_empty','9999_empty','9999_empty','9999_empty','9999_empty','9999_empty','9999_empty','9999_empty','9999_empty','9999_empty','9999_empty','9999_empty','9999_empty','9999_empty','9999_empty','9999_empty','9999_empty','9999_empty','9999_empty','9999_empty','9999_empty','9999_empty','9999_empty','9999_empty','9999_empty','9999_empty','9999_empty','9999_empty','9999_empty','9999_empty','9999_empty','9999_empty','9999_empty','9999_empty','9999_empty','9999_empty','9999_empty','9999_empty','9999_empty','9999_empty','9999_empty','9999_empty','9999_empty','9999_empty','9999_empty','9999_empty','9999_empty','9999_empty','9999_empty','9999_empty','9999_empty','9999_empty','9999_empty','9999_empty','9999_empty','9999_empty','9999_empty','9999_empty','9999_empty','9999_empty','9999_empty','9999_empty','9999_empty','9999_empty','9999_empty','9999_empty','9999_empty','9999_empty','9999_empty','9999_empty','9999_empty','9999_empty','9999_empty','9999_empty','9999_empty','9999_empty','9999_empty','9999_empty','9999_empty','9999_empty','9999_empty','9999_empty','9999_empty','9999_empty','9999_empty','9999_empty','9999_empty','9999_empty','9999_empty','9999_empty','9999_empty','9999_empty','9999_empty','9999_empty','9999_empty','9999_empty','9999_empty','9999_empty','9999_empty','9999_empty','9999_empty','9999_empty','9999_empty','9999_empty','9999_empty','9999_empty','9999_empty','9999_empty','9999_empty','9999_empty','9999_empty','9999_empty','9999_empty','9999_empty','9999_empty','9999_empty','9999_empty','9999_empty','9999_empty',NULL),('kacha bird','e99a18c428cb38d5f260853678922e03','0013_new-user','0009_new-user','0010_new-user','0014_new-user','0015_new-user','0011_new-user','0012_new-user','0016_new-user','0017_new-user','9999_empty','9999_empty','9999_empty','9999_empty','9999_empty','9999_empty','9999_empty','9999_empty','9999_empty','9999_empty','9999_empty','9999_empty','9999_empty','9999_empty','9999_empty','9999_empty','9999_empty','9999_empty','9999_empty','9999_empty','9999_empty','9999_empty','9999_empty','9999_empty','9999_empty','9999_empty','9999_empty','9999_empty','9999_empty','9999_empty','9999_empty','9999_empty','9999_empty','9999_empty','9999_empty','9999_empty','9999_empty','9999_empty','9999_empty','9999_empty','9999_empty','9999_empty','9999_empty','9999_empty','9999_empty','9999_empty','9999_empty','9999_empty','9999_empty','9999_empty','9999_empty','9999_empty','9999_empty','9999_empty','9999_empty','9999_empty','9999_empty','9999_empty','9999_empty','9999_empty','9999_empty','9999_empty','9999_empty','9999_empty','9999_empty','9999_empty','9999_empty','9999_empty','9999_empty','9999_empty','9999_empty','9999_empty','9999_empty','9999_empty','9999_empty','9999_empty','9999_empty','9999_empty','9999_empty','9999_empty','9999_empty','9999_empty','9999_empty','9999_empty','9999_empty','9999_empty','9999_empty','9999_empty','9999_empty','9999_empty','9999_empty','9999_empty','9999_empty','9999_empty','9999_empty','9999_empty','9999_empty','9999_empty','9999_empty','9999_empty','9999_empty','9999_empty','9999_empty','9999_empty','9999_empty','9999_empty','9999_empty','9999_empty','9999_empty','9999_empty','9999_empty','9999_empty','9999_empty','9999_empty','9999_empty','9999_empty','9999_empty','9999_empty','9999_empty','9999_empty','9999_empty','9999_empty','9999_empty','9999_empty','9999_empty','9999_empty','9999_empty','9999_empty','9999_empty','9999_empty','9999_empty','9999_empty','9999_empty','9999_empty','9999_empty','9999_empty','9999_empty','9999_empty','9999_empty','9999_empty','9999_empty','9999_empty','9999_empty','9999_empty','9999_empty','9999_empty','9999_empty','9999_empty','9999_empty','9999_empty','9999_empty','9999_empty','9999_empty','9999_empty','9999_empty','9999_empty','9999_empty','9999_empty','9999_empty','9999_empty','9999_empty','9999_empty','9999_empty','9999_empty','9999_empty','9999_empty','9999_empty','9999_empty','9999_empty','9999_empty','9999_empty','9999_empty','9999_empty','9999_empty','9999_empty','9999_empty','9999_empty','9999_empty','9999_empty','9999_empty','9999_empty','9999_empty','9999_empty','9999_empty','9999_empty','9999_empty','9999_empty','9999_empty','9999_empty','9999_empty','9999_empty','9999_empty','9999_empty','9999_empty','9999_empty','9999_empty','9999_empty','9999_empty','9999_empty','9999_empty','9999_empty','9999_empty','9999_empty','9999_empty','9999_empty','9999_empty','9999_empty','9999_empty','9999_empty','9999_empty','9999_empty','9999_empty','9999_empty','9999_empty','9999_empty','9999_empty',NULL);
/*!40000 ALTER TABLE `users` ENABLE KEYS */;
UNLOCK TABLES;

--
-- Dumping events for database 'griefer'
--

--
-- Dumping routines for database 'griefer'
--
/*!50003 DROP PROCEDURE IF EXISTS `rankPlayers` */;
/*!50003 SET @saved_cs_client      = @@character_set_client */ ;
/*!50003 SET @saved_cs_results     = @@character_set_results */ ;
/*!50003 SET @saved_col_connection = @@collation_connection */ ;
/*!50003 SET character_set_client  = utf8 */ ;
/*!50003 SET character_set_results = utf8 */ ;
/*!50003 SET collation_connection  = utf8_general_ci */ ;
/*!50003 SET @saved_sql_mode       = @@sql_mode */ ;
/*!50003 SET sql_mode              = 'STRICT_TRANS_TABLES,NO_AUTO_CREATE_USER,NO_ENGINE_SUBSTITUTION' */ ;
DELIMITER ;;
CREATE DEFINER=`root`@`localhost` PROCEDURE `rankPlayers`()
BEGIN
	UPDATE stats set kdr = ROUND(kills/GREATEST(1,deaths),2), ppl = ROUND(points/GREATEST(1,deaths)), wl = ROUND(wins/GREATEST(1,losses),2);
    UPDATE bot_stats set kdr = ROUND(kills/GREATEST(1,deaths),2), ppl = ROUND(points/GREATEST(1,deaths)), wl = ROUND(wins/GREATEST(1,losses),2);
	UPDATE stats join bot_stats ON stats.username=bot_stats.username 
	SET stats.true_skill = ROUND(
									GREATEST(
												LEAST(
														500, 
														(LEAST(stats.wins+stats.losses,10)*1/10*(stats.ppl/8 + stats.wl*125)+LEAST(50,stats.kills/10))/2
                                                     )
												,
												LEAST(
														200, 
														(LEAST(bot_stats.wins+bot_stats.losses,15)*1/15*(bot_stats.ppl/8 + bot_stats.wl*125)+LEAST(50,bot_stats.kills/10))/2 * 1/2.5
													)
											 )
								);
    
    set @true_skill := -1; 
	set @num := 0;  
	set @c := 1; 
	UPDATE stats 
	JOIN 
	( 
		SELECT username 
		  , true_skill 
		  , @num := if(@true_skill = true_skill, @num, @num + @c) AS global_rank 
		  , @c := if(@true_skill = true_skill, @c+1, 1) AS dummy 
		  , @true_skill := true_skill AS dummy2 
		FROM `stats` 
		ORDER BY true_skill DESC, username ASC 
	) stats_sorted 
	ON stats.username = stats_sorted.username 
	SET stats.global_rank = stats_sorted.global_rank;
END ;;
DELIMITER ;
/*!50003 SET sql_mode              = @saved_sql_mode */ ;
/*!50003 SET character_set_client  = @saved_cs_client */ ;
/*!50003 SET character_set_results = @saved_cs_results */ ;
/*!50003 SET collation_connection  = @saved_col_connection */ ;
/*!40103 SET TIME_ZONE=@OLD_TIME_ZONE */;

/*!40101 SET SQL_MODE=@OLD_SQL_MODE */;
/*!40014 SET FOREIGN_KEY_CHECKS=@OLD_FOREIGN_KEY_CHECKS */;
/*!40014 SET UNIQUE_CHECKS=@OLD_UNIQUE_CHECKS */;
/*!40101 SET CHARACTER_SET_CLIENT=@OLD_CHARACTER_SET_CLIENT */;
/*!40101 SET CHARACTER_SET_RESULTS=@OLD_CHARACTER_SET_RESULTS */;
/*!40101 SET COLLATION_CONNECTION=@OLD_COLLATION_CONNECTION */;
/*!40111 SET SQL_NOTES=@OLD_SQL_NOTES */;

-- Dump completed on 2015-10-13  9:51:28
